Date,Solution_BLOCKCHAIN_Papers,Solution_ACCESS_CONTROL_Papers,Solution_ENCRYPTION_Papers,Solution_SUPPLY_CHAIN_RISK_MANAGEMENT_Papers,Solution_IDENTITY_MANAGEMENT_Papers,Solution_DOUBLE_PATTERNING_LITHOGRAPHY_Papers,Solution_ML/DL_Papers,Solution_ANOMALY_DETECTION_Papers,Solution_CRYPTOGRAPHY_Papers,Solution_PENETRATION_TESTING_Papers,Solution_IDS/IPS_Papers,Solution_STATIC_ANALYSIS_Papers,Solution_DYNAMIC_ANALYSIS_Papers,Solution_MULTI_FACTOR_AUTHENTICATION_Papers,Solution_LEAST_PRIVILEGE_Papers,Solution_SESSION_MANAGEMENT_Papers,Solution_CAPTCHA_Papers,Solution_BLACKLISTING_Papers,Solution_RATE_LIMITING_Papers,Solution_GRAPHICAL_MODEL_Papers,Solution_HONEYPOT_Papers,Solution_SOFTWARE_DEFINED_NETWORK_Papers,Solution_GAME_THEORY_Papers,Solution_GRAPH_BASED_ML_Papers,Solution_WHITELIST_Papers,Solution_TRAFFIC_SHAPING_Papers,Solution_PACKET_FILTERING_Papers,Solution_BLACKHOLING_Papers,Solution_RANK_CORRELATION_Papers,Solution_D3NS_Papers,Solution_ID_RANDOMIZATION_Papers,Solution_STRONG_AUTHENTICATION_Papers,Solution_SSL/TLS_Papers,Solution_HTTPS_Papers,Solution_CONTINUOUS_AUTHENTICATION_Papers,Solution_IDENTITY_BASED_ENCRYPTION_Papers,Solution_DATA_SANITIZATION_Papers,Solution_OUTLIER_DETECTION_Papers,Solution_DATA_PROVENANCE_Papers,Solution_ADVERSARIAL_TRAINING_Papers,Solution_TRUSTWORTHY_AI_Papers,Solution_DEEP_PROBABILISTIC_MODEL_Papers,Solution_BAYESIAN_NETWORK_Papers,Solution_TROJAN_ISOLATION_Papers,Solution_HARDWARE_SANDBOXING_Papers,Solution_BEHAVIOR_BASED_DETECTION_Papers,Solution_FORMAL_VERIFICATION_Papers,Solution_SPLIT_MANUFACTURING_Papers,Solution_VULNERABILITY_MANAGEMENT_Papers,Solution_FILE_INTEGRITY_MONITORING_Papers,Solution_VPN_Papers,Solution_CSS_MATCHING_Papers,Solution_URI_MATCHING_Papers,Solution_PRIVACY_PRESERVING_Papers,Solution_SECURE_BOOT_Papers,Solution_MERKLE_SIGNATURE_Papers,Solution_LIVENESS_DETECTION_Papers,Solution_AUDIO_DEEPFAKE_DETECTION_Papers,Solution_3D_FACE_RECONSTRUCTION_Papers,Solution_BIOMETRICS_Papers,Solution_DIGITAL_WATERMARK_Papers,Solution_APPLICATION_WHITELISTING_Papers,Solution_DATA_BACKUPS_Papers,Solution_HIDDEN_MARKOV_MODEL_Papers,Solution_PATCH_MANAGEMENT_Papers,Solution_DATA_AUGMENTATION_Papers,Solution_DIMENSIONALITY_REDUCTION_Papers,Solution_DEFENSIVE_DISTILLATION_Papers,Solution_GRADIENT_MASK_Papers,Solution_RRAM_Papers,Solution_SPATIAL_SMOOTHING_Papers,Solution_NOISE_INJECTION_Papers,Solution_TAINT_ANALYSIS_Papers,Solution_NETWORK_SEGMENTATION_Papers,Solution_USER_BEHAVIOR_ANALYTICS_Papers,Solution_DECEPTION_TECHNOLOGY_Papers,Solution_RISK_ASSESSMENT_Papers,Solution_LOG_CORRELATION_Papers,Solution_DYNAMIC_RESOURCE_MANAGEMENT_Papers,Solution_SANDBOXING_Papers,Solution_DARKNET_MONITORING_Papers,Solution_VIRTUAL_KEYBOARDS_Papers,Solution_CODE_SIGNING_Papers,Solution_FILE_SIGNATURE_Papers,Solution_PUBLIC_KEY_INFRASTRUCTURE_Papers,Solution_VOICEPRINT_AUTHENTICATION_Papers,Solution_MUTUAL_AUTHENTICATION_Papers,Solution_PASSWORD_SALT_Papers,Solution_ONE_TIME_PASSWORD_Papers,Solution_DYNAMIC_BINARY_INSTRUMENTATION_Papers,Solution_ORTHOGONAL_OBFUSCATION_Papers,Solution_PASSWORD_HASHING_Papers,Solution_DNSSEC_Papers,Solution_CERTIFICATE_PINNING_Papers,Solution_SECURE_SIMPLE_PAIRING_Papers,Solution_VULNERABILITY_ASSESSMENT_Papers,Solution_SIEM_Papers,Solution_STANDARDIZED_COMMUNICATION_Papers,Solution_CONTROL_FLOW_INTEGRITY_Papers,Solution_VULNERABILITY_SCANNER_Papers,Solution_PASSWORD_STRENGTH_METERS_Papers,Solution_PASSWORD_MANAGEMENT_Papers,Solution_PASSWORD_POLICY_Papers,Solution_GRAPHICAL_AUTHENTICATION_Papers,Solution_DATA_LOSS_PREVENTION_Papers,Solution_DATA_LEAKAGE_DETECTION/PREVENTION_Papers,Solution_ACTIVITY_MONITORING_Papers,Solution_MOVING_TARGET_DEFENSE_Papers,Solution_KEYSTROKE_DYNAMICS_Papers,Solution_ATTACK_TREE_Papers,Solution_AUTOMATIC_VIOLATION_PREVENTION_Papers,Solution_DISTRIBUTED_LEDGERS_Papers,Solution_SOURCE_IDENTIFICATION_Papers,Solution_IMAGE_RECOGNITION_Papers,Solution_MAUVE_Papers,Solution_HYPERGAME_Papers,Solution_PREBUNKING_Papers,Solution_NLP/LLM_Papers
2011-07,0,38,46,0,1,0,10,4,105,1,17,3,4,0,0,0,1,0,0,0,0,0,7,0,0,0,0,1,1,0,0,1,1,0,0,2,1,0,1,0,0,0,5,0,0,0,2,0,0,0,2,0,0,2,0,0,0,0,0,11,1,0,0,3,2,0,1,0,0,0,0,0,0,0,0,0,36,0,0,1,0,0,0,0,5,0,7,0,2,0,0,1,0,0,0,2,0,0,0,0,0,0,0,0,1,0,0,0,1,1,0,0,0,1,0,0,0,0
2011-08,0,24,38,0,1,0,4,4,80,0,10,1,3,0,1,0,0,1,0,0,0,0,10,0,0,0,0,3,0,0,0,0,0,0,0,3,0,0,0,0,0,0,1,0,0,1,1,0,0,0,1,0,0,5,0,0,0,0,0,8,3,0,0,0,0,0,1,0,0,0,0,0,0,0,0,0,25,0,0,0,0,0,0,0,3,0,3,0,0,0,0,0,0,0,0,1,0,0,0,0,0,1,0,0,0,0,0,0,0,0,0,0,0,0,0,0,0,0
2011-09,0,32,57,0,1,0,7,5,96,1,20,3,3,0,0,0,1,1,0,0,0,0,6,0,0,0,0,0,1,0,0,4,2,0,0,5,0,0,0,0,0,0,6,0,0,1,2,0,0,0,1,0,0,6,0,0,0,0,0,7,1,0,0,1,0,0,0,0,0,0,0,0,1,0,0,0,34,0,0,2,0,0,0,0,3,0,7,0,0,1,0,0,0,0,0,0,0,0,0,0,0,0,0,0,1,0,2,0,0,0,0,0,1,0,0,0,0,1
2011-10,0,35,45,0,3,0,4,2,80,0,16,2,3,0,3,0,0,0,0,0,1,0,6,0,0,0,1,3,0,0,0,3,2,0,0,5,0,0,0,0,0,0,1,0,0,1,1,0,1,0,0,0,0,9,0,0,0,0,0,15,0,0,0,3,0,0,1,0,0,0,0,1,2,0,0,0,35,0,0,0,0,0,0,0,2,0,6,0,0,0,0,0,0,0,0,3,0,0,0,0,0,0,0,0,0,0,1,0,1,0,0,0,2,0,0,0,0,1
2011-11,0,23,39,0,4,0,0,3,72,1,14,1,3,0,0,0,0,0,1,0,1,0,1,0,0,0,1,0,0,0,0,1,1,0,0,2,0,1,0,0,0,0,2,0,0,1,1,0,0,0,3,0,0,12,0,0,0,0,0,14,0,0,0,0,0,0,1,0,0,0,0,0,0,0,0,0,31,0,0,0,0,0,0,0,1,0,4,0,2,0,0,0,0,0,0,1,0,0,0,0,0,0,0,1,1,0,0,0,0,0,0,0,0,1,0,0,0,0
2011-12,0,35,47,0,1,0,4,6,94,1,21,2,3,0,0,0,0,1,1,1,1,0,4,0,0,0,0,3,0,0,0,1,1,1,0,5,0,1,0,0,0,0,1,0,0,0,0,0,0,0,0,0,0,9,0,0,0,0,0,12,0,0,0,3,0,0,0,0,0,0,0,0,0,0,0,0,36,0,0,0,0,0,0,0,6,0,7,0,0,0,0,0,1,0,0,2,0,0,0,0,0,0,0,0,0,0,0,0,0,1,0,0,0,0,0,0,0,0
2012-01,0,43,76,0,8,0,4,4,140,1,19,2,7,1,0,1,0,2,0,0,2,0,12,0,0,0,1,4,0,0,0,2,4,2,0,4,0,0,1,0,0,0,4,0,0,0,0,0,0,0,2,0,0,12,0,0,2,0,0,25,1,0,1,2,0,0,0,0,0,0,0,0,2,0,1,0,69,0,0,1,0,0,0,0,3,0,12,0,0,0,0,0,0,0,0,4,2,0,0,0,0,0,0,0,0,0,0,0,0,0,0,0,0,0,0,0,0,1
2012-02,0,15,48,1,2,0,1,3,78,0,11,0,1,1,0,0,2,0,0,1,1,0,9,0,0,1,0,1,0,0,0,2,0,0,0,4,0,0,0,0,0,0,5,0,0,0,1,0,0,0,0,0,0,5,0,0,0,0,0,9,0,0,0,0,0,0,1,0,0,0,0,0,0,0,0,0,35,0,0,0,0,0,0,0,6,0,7,0,0,0,0,0,0,0,0,1,0,0,0,0,0,0,0,0,0,0,0,0,1,0,0,0,0,0,0,0,0,0
2012-03,0,21,51,1,0,0,4,4,88,0,10,1,1,0,0,0,2,0,1,0,1,0,5,0,0,0,0,1,0,0,0,0,4,0,0,3,0,0,0,0,0,0,1,0,0,0,1,0,0,0,1,0,0,14,0,0,0,0,0,7,0,0,0,0,0,0,1,0,0,0,0,0,0,0,0,0,43,0,0,1,0,0,0,0,2,0,9,0,0,0,0,0,0,0,0,2,0,0,0,1,0,0,0,0,0,1,0,0,0,0,0,0,0,0,0,0,0,0
2012-04,0,37,51,0,0,0,1,5,92,0,11,1,1,0,0,0,1,1,0,0,1,0,6,0,0,0,0,1,0,0,0,1,0,0,0,5,0,1,0,0,0,0,5,0,0,0,2,0,0,0,1,0,0,9,0,0,0,0,0,11,0,0,0,2,0,0,1,0,0,0,0,1,1,0,0,0,31,0,0,0,0,0,0,0,2,0,9,0,1,0,0,0,0,0,0,3,0,0,0,0,0,0,0,0,0,0,0,0,0,0,0,0,0,0,0,0,0,0
2012-05,0,16,46,0,0,0,2,3,71,0,7,1,2,0,1,0,0,1,0,0,0,0,6,0,0,0,0,0,1,0,0,0,0,0,0,3,0,1,0,0,0,0,1,0,0,1,2,0,0,0,0,0,0,10,0,0,0,0,0,12,0,0,0,0,0,0,0,0,0,0,0,0,1,0,0,0,37,0,0,0,0,0,1,0,7,0,5,0,1,0,0,0,0,0,0,0,0,0,0,0,0,0,0,0,0,0,0,0,1,0,0,0,0,3,0,0,0,1
2012-06,0,25,41,1,2,0,6,2,74,0,15,3,0,0,3,1,0,1,0,0,1,0,4,0,0,0,0,0,0,0,0,1,0,1,0,3,0,1,0,0,0,0,1,0,0,2,6,0,0,0,0,0,0,9,0,0,0,0,0,11,1,0,0,0,0,0,1,0,0,0,1,0,0,0,0,0,32,0,0,0,0,0,0,0,6,0,2,0,0,0,0,0,0,0,1,1,0,0,0,0,0,0,2,0,0,0,2,0,0,2,0,0,0,0,0,0,0,0
2012-07,0,36,65,0,3,0,3,7,95,0,21,0,1,0,1,1,0,2,0,0,1,0,5,0,0,0,0,1,0,0,0,0,0,0,0,2,0,1,0,0,0,0,2,0,0,0,8,0,0,0,0,0,0,5,0,0,1,0,0,10,0,0,0,0,0,0,1,0,0,0,1,0,0,0,0,0,35,0,0,0,0,0,0,0,2,0,9,0,0,0,0,0,2,0,0,0,0,0,0,0,0,0,0,0,0,0,0,0,0,0,0,0,0,0,0,0,0,4
2012-08,0,14,27,0,3,0,4,4,49,1,9,1,3,0,0,0,1,2,0,0,2,0,3,0,0,0,1,2,0,0,0,1,0,0,0,1,0,0,0,0,0,0,0,0,0,0,0,0,0,1,0,0,0,5,0,0,0,0,0,8,1,0,1,1,0,0,1,0,0,0,0,0,0,0,0,0,27,0,0,0,0,0,0,0,0,0,5,0,0,0,0,0,0,0,0,2,1,0,0,1,0,0,0,0,0,0,0,0,0,1,0,0,0,0,0,0,0,1
2012-09,0,23,76,0,0,0,6,4,116,0,22,1,4,0,0,0,0,0,0,0,0,0,6,0,0,0,1,2,0,0,0,1,1,1,0,4,0,0,0,0,0,0,3,0,0,1,0,0,1,0,3,0,0,14,0,0,0,0,0,15,1,0,0,1,0,0,0,0,0,0,0,0,0,0,0,0,41,0,0,0,0,0,0,0,3,0,8,0,0,0,0,0,0,0,0,2,1,0,0,0,0,0,0,0,0,0,1,0,0,1,0,0,0,1,0,0,0,0
2012-10,0,24,50,0,6,0,4,4,95,0,13,2,2,0,0,0,0,0,0,0,2,0,3,0,0,0,1,1,0,0,0,1,1,0,0,2,0,0,0,0,0,0,2,0,0,0,1,0,0,0,0,0,0,6,0,0,0,0,0,9,2,0,0,0,0,0,0,0,0,0,0,0,0,0,0,0,37,0,0,1,0,0,0,0,2,0,4,0,0,1,0,0,0,0,0,1,1,0,0,0,0,0,0,0,1,0,0,0,0,1,0,0,0,1,0,0,0,1
2012-11,0,19,45,0,0,0,2,3,82,0,11,1,0,0,1,0,0,0,0,1,1,0,2,0,0,0,0,1,0,0,0,1,2,0,0,3,0,1,0,0,0,0,2,0,0,0,0,0,0,0,1,0,0,6,0,0,0,0,0,11,0,0,0,0,0,0,0,0,0,0,0,0,0,0,0,0,25,0,0,0,0,0,0,0,3,0,7,0,0,0,0,0,0,0,0,3,0,0,0,0,0,0,0,0,1,0,0,0,0,0,0,0,1,0,0,0,0,1
2012-12,0,26,61,2,3,0,3,2,105,0,14,3,2,0,1,0,0,1,0,2,0,0,5,0,0,0,0,3,0,0,0,1,1,1,0,5,0,0,0,0,0,0,5,0,0,0,6,0,1,0,0,0,0,10,0,0,0,0,0,7,1,0,0,0,0,0,1,0,0,0,0,0,0,0,0,0,43,0,0,0,0,1,0,0,4,0,12,0,0,0,0,0,0,0,0,0,0,0,0,0,0,0,0,0,1,0,0,0,0,1,0,0,0,1,0,0,0,0
2013-01,0,39,75,5,9,0,13,5,139,2,23,1,3,0,0,0,1,0,0,0,1,0,8,0,0,0,1,0,0,0,0,0,0,0,0,2,0,0,0,0,0,0,1,0,0,0,2,0,2,0,0,0,0,5,0,0,1,0,0,46,0,0,0,1,0,0,0,0,0,0,0,0,1,1,0,0,54,0,0,1,0,0,0,0,6,0,7,0,1,0,0,0,0,0,0,11,10,0,0,0,0,0,0,1,0,0,0,0,0,0,0,0,1,1,0,0,0,1
2013-02,0,30,56,0,1,0,3,2,94,1,8,1,2,0,0,0,2,1,0,0,0,0,6,0,0,0,0,0,0,0,0,2,1,0,5,5,0,0,0,0,0,0,2,0,0,0,2,0,0,0,0,0,0,7,0,0,0,0,0,21,1,0,0,2,0,0,0,0,0,0,0,0,0,0,0,0,21,0,0,0,0,0,1,0,2,0,7,0,2,0,0,0,0,0,0,1,0,0,0,0,0,0,0,0,0,0,1,0,1,1,0,0,0,1,0,0,0,2
2013-03,0,27,66,5,0,0,4,6,80,0,12,3,0,1,0,0,0,0,0,0,0,0,3,0,0,0,1,0,0,0,0,0,0,0,0,5,1,1,0,0,0,0,2,0,0,0,3,0,0,0,0,0,0,10,0,0,0,0,0,14,0,0,0,2,0,0,0,0,0,0,0,0,0,0,0,0,30,0,0,0,0,0,0,0,3,0,6,0,0,0,0,0,0,0,1,1,0,0,0,1,0,1,1,0,0,1,0,0,0,0,0,0,0,0,0,0,0,0
2013-04,0,13,43,0,2,0,3,5,67,1,9,1,1,0,0,0,1,0,0,0,1,0,5,0,0,0,0,3,0,0,0,1,0,0,0,4,0,0,0,0,0,0,1,0,0,0,4,0,0,0,0,0,0,7,1,0,0,0,0,4,2,0,0,0,0,0,0,0,0,0,0,0,0,0,0,0,34,0,0,0,0,0,0,0,4,0,6,0,2,0,0,0,0,0,1,2,0,0,0,0,0,0,0,0,0,0,0,1,1,1,0,0,0,0,0,0,0,1
2013-05,0,22,43,0,2,0,9,1,98,0,13,1,2,0,1,0,0,0,0,1,1,0,6,0,0,0,0,0,0,0,0,1,2,0,0,1,0,0,0,0,0,0,4,0,0,1,2,0,0,0,1,0,0,8,0,0,0,0,0,7,0,0,0,1,0,0,1,0,0,1,0,0,0,0,0,0,39,0,0,0,0,0,0,0,4,0,5,0,0,0,0,1,0,0,0,0,0,0,0,0,0,0,0,0,0,0,0,0,0,1,0,0,0,1,0,0,0,2
2013-06,0,29,66,0,1,0,2,1,104,2,11,6,2,0,0,0,0,0,0,0,0,0,5,0,0,0,0,1,0,0,0,0,2,0,0,3,0,1,0,0,0,0,1,0,0,0,4,0,0,0,2,0,0,11,0,0,0,0,0,9,1,0,1,2,0,0,1,0,0,0,0,0,0,0,0,0,40,0,0,0,0,0,0,0,2,0,7,0,1,0,0,0,0,0,0,2,0,0,0,0,0,1,0,1,0,0,0,0,0,0,0,0,0,0,0,0,0,0
2013-07,0,19,33,0,0,0,2,2,75,5,11,1,1,0,0,1,0,0,0,0,2,0,6,0,0,0,0,0,0,0,0,0,1,0,0,1,0,1,0,0,0,0,2,0,0,0,1,0,0,0,0,0,0,3,0,1,0,0,0,12,0,0,0,0,0,0,0,0,0,0,0,0,0,0,0,0,31,0,0,0,0,0,0,0,3,0,4,0,2,0,0,0,0,0,0,3,0,0,1,1,0,0,0,0,0,0,0,0,0,1,0,0,0,1,0,0,0,1
2013-08,0,20,34,1,1,0,6,2,65,0,7,2,2,0,0,0,0,0,0,0,1,0,3,0,0,0,0,0,0,0,0,1,0,0,0,0,0,0,1,0,0,0,0,0,0,0,1,0,0,0,0,0,0,10,0,0,0,0,0,5,1,0,0,0,0,0,1,0,0,0,0,0,0,0,0,0,21,0,0,0,0,0,0,0,0,0,6,0,0,0,0,0,0,0,0,2,0,0,0,1,0,0,0,0,1,0,0,0,0,0,0,0,0,0,0,0,0,0
2013-09,0,22,51,0,5,0,2,0,90,2,12,1,0,1,0,0,2,0,0,0,1,0,6,0,0,0,0,1,0,0,0,1,1,0,0,1,0,1,0,0,0,0,1,0,0,0,2,0,0,0,0,0,0,5,1,0,0,0,0,13,0,0,0,0,0,0,0,0,0,0,0,0,0,1,0,0,43,0,0,0,0,0,0,0,2,0,11,0,2,0,0,0,0,0,0,5,0,0,0,0,0,0,0,0,0,0,0,0,0,0,0,0,0,1,0,0,0,1
2013-10,0,20,61,0,1,0,6,2,83,1,6,1,2,0,1,0,0,0,0,0,0,0,2,0,0,0,0,2,1,0,0,1,0,0,0,3,0,0,0,0,0,0,2,0,0,0,0,0,0,0,0,0,0,11,0,0,0,0,0,17,1,0,0,2,0,0,0,0,0,0,0,0,1,1,0,0,24,0,0,1,0,0,0,0,1,0,6,0,1,0,0,0,0,0,0,0,0,0,0,1,0,0,0,0,1,0,0,0,0,0,0,0,0,0,0,0,0,0
2013-11,0,24,73,0,0,0,3,3,121,2,20,0,1,1,0,1,0,0,0,0,1,0,6,0,0,0,1,2,0,0,0,3,3,1,2,3,0,1,0,0,0,0,3,0,0,0,3,0,0,0,0,0,0,13,0,0,0,0,0,11,0,0,0,1,0,0,1,0,0,0,0,0,0,0,0,0,37,0,0,1,0,0,0,0,1,0,12,0,0,0,0,0,0,0,0,1,2,0,0,0,0,1,0,0,1,0,0,0,0,0,0,0,1,0,0,0,0,1
2013-12,0,21,62,0,2,0,5,8,85,1,19,2,1,0,0,0,0,0,0,0,2,1,7,0,0,0,1,0,1,0,0,2,2,0,0,2,0,1,0,0,0,0,4,0,0,0,2,0,0,1,0,0,0,17,1,0,0,0,0,12,1,0,0,1,0,0,0,0,0,0,0,0,0,0,0,0,49,0,0,0,0,0,1,0,6,0,9,0,0,0,0,0,1,0,0,6,1,0,0,1,0,0,0,0,0,0,0,0,2,0,0,0,0,0,0,0,0,1
2014-01,8,51,158,2,5,0,28,10,242,4,36,6,1,0,2,1,0,1,0,2,2,1,16,0,0,0,1,3,1,0,0,4,5,1,1,6,0,2,1,1,0,0,6,0,0,2,5,0,0,0,3,0,0,35,0,0,0,0,0,32,0,1,1,2,0,0,3,0,0,0,0,0,0,2,0,0,98,0,1,0,0,0,0,0,11,0,15,0,0,0,0,0,3,0,0,1,4,0,1,1,0,0,0,1,0,1,1,0,0,1,0,0,1,0,0,0,0,0
2014-02,1,40,101,0,2,0,7,11,157,4,31,5,2,2,0,2,1,0,0,0,2,2,18,0,0,0,1,5,0,0,0,2,1,0,0,4,0,2,1,0,0,0,5,0,0,1,1,0,1,0,2,0,0,17,0,0,0,0,0,17,1,0,1,1,0,0,3,0,0,0,0,1,0,0,0,0,40,0,0,0,0,1,0,0,7,0,11,0,0,0,0,0,3,0,0,5,1,0,0,1,0,0,0,0,0,0,0,0,1,2,0,0,0,0,0,0,0,1
2014-03,0,58,114,0,6,0,17,7,155,1,42,3,2,0,1,0,3,1,1,1,1,2,10,0,0,1,2,1,1,0,0,4,1,2,0,2,0,0,0,0,0,0,3,0,0,0,5,0,0,0,2,0,0,16,0,0,1,0,0,15,2,0,0,0,0,0,1,0,0,0,0,0,3,0,0,0,53,0,0,0,0,0,0,0,4,0,12,0,1,1,0,0,0,0,0,1,0,0,0,1,0,0,1,0,0,1,1,4,0,3,0,0,0,2,0,0,0,2
2014-04,0,44,77,0,3,0,9,5,116,0,25,1,0,0,0,1,2,0,0,1,0,1,9,0,0,0,0,1,0,0,0,2,1,1,0,4,0,1,0,0,0,0,1,0,0,0,0,0,0,0,0,0,0,18,0,0,0,0,0,16,0,0,0,2,1,0,0,0,0,0,0,0,1,0,0,0,52,0,0,0,0,0,0,0,4,1,8,0,0,0,0,0,1,0,0,0,0,0,0,2,0,0,0,0,1,0,0,4,2,4,0,0,1,1,0,0,0,2
2014-05,0,23,72,0,2,0,8,3,118,0,20,0,1,0,1,0,0,0,0,0,0,0,6,0,0,0,0,0,0,0,0,1,2,1,0,3,1,0,0,0,0,0,3,0,0,0,3,0,0,0,0,0,0,7,0,0,1,0,0,6,0,0,0,2,0,0,0,0,0,0,0,0,0,0,0,0,25,0,0,0,0,0,0,0,5,0,10,0,0,0,0,0,2,0,0,1,1,0,1,1,0,0,0,0,0,0,0,1,0,1,0,0,0,3,0,0,0,0
2014-06,0,36,79,0,5,0,16,6,128,2,12,5,7,0,1,0,2,0,0,0,0,1,8,0,0,0,0,0,0,0,0,2,2,1,1,0,0,0,1,0,0,0,4,0,0,0,0,0,1,0,1,0,0,18,0,0,0,0,0,22,1,1,1,1,0,0,0,0,0,0,0,0,1,0,0,0,47,0,0,0,0,0,0,0,3,0,7,0,0,0,0,0,0,0,0,5,0,0,2,1,1,2,0,0,0,0,0,0,0,0,0,0,0,0,0,0,0,2
2014-07,0,30,76,2,1,0,6,6,119,2,13,5,1,1,1,0,0,0,0,1,0,0,6,0,0,0,1,0,1,0,0,0,1,0,0,3,0,1,0,0,0,0,3,0,0,0,2,0,0,2,0,0,0,19,0,0,0,0,0,8,0,0,0,0,0,0,0,0,0,0,0,0,1,0,1,0,51,0,0,0,0,0,0,0,4,0,10,0,0,0,0,0,0,0,0,1,1,0,0,2,0,0,0,0,0,0,0,1,1,0,0,0,1,1,0,0,0,2
2014-08,0,25,79,1,1,0,8,3,107,2,10,4,1,1,0,0,2,0,0,1,0,0,4,0,0,0,0,0,0,0,0,2,0,1,0,3,0,0,0,0,0,0,1,0,0,0,5,1,0,0,0,0,0,20,0,0,0,0,0,8,0,0,0,3,0,0,0,0,0,0,0,0,1,0,0,0,30,0,0,0,0,0,0,0,6,0,8,0,0,0,0,0,0,0,0,2,1,0,1,0,0,0,0,0,0,0,0,0,0,1,0,0,1,0,0,0,0,4
2014-09,0,63,137,2,5,0,22,13,231,2,48,10,7,1,1,1,5,3,0,3,4,2,11,0,0,0,0,4,1,0,0,6,5,3,0,4,0,0,0,0,0,0,2,0,0,0,9,0,0,0,3,0,0,44,0,0,1,0,1,31,0,0,2,0,0,0,2,0,0,0,0,0,1,0,0,0,61,0,0,0,0,0,0,0,3,0,12,0,1,0,0,0,0,0,0,2,2,0,0,2,0,0,0,0,1,0,0,3,2,1,0,0,0,2,0,0,0,6
2014-10,0,57,178,0,2,0,23,16,285,4,63,8,4,3,1,0,2,0,0,4,7,8,5,0,0,0,1,7,1,0,0,6,5,3,1,4,0,1,0,0,0,0,11,0,0,0,6,0,0,0,3,0,0,26,0,1,1,0,0,45,0,0,1,6,0,0,1,0,0,0,0,0,3,0,0,0,67,0,0,0,0,0,1,0,8,0,14,0,2,1,0,0,1,1,0,7,1,1,1,6,0,0,0,0,0,1,0,1,3,2,0,0,0,0,0,0,0,2
2014-11,1,59,192,2,5,0,33,16,306,1,67,14,6,2,2,1,2,0,2,1,3,3,17,0,0,0,2,9,0,0,0,2,6,7,3,5,0,0,2,1,0,0,7,0,0,0,5,0,0,0,2,0,0,45,0,0,0,0,0,32,0,0,1,6,0,0,3,0,0,0,0,0,3,0,0,0,75,0,0,2,0,0,3,0,9,0,13,0,5,1,0,0,2,0,0,12,0,0,2,2,1,0,0,0,0,2,0,10,3,1,0,1,1,3,0,0,0,4
2014-12,0,76,180,1,12,0,31,28,361,1,68,13,12,2,3,1,5,1,1,0,10,9,17,0,0,0,0,3,2,0,0,2,2,3,1,9,1,0,4,0,0,0,11,0,0,1,10,0,1,0,4,0,0,42,0,0,6,0,0,54,5,0,1,4,0,0,3,0,0,0,0,1,3,0,1,0,88,0,0,0,0,1,1,0,7,0,16,0,4,0,0,0,3,0,0,11,2,0,0,5,0,1,1,0,0,1,0,1,2,2,0,0,0,3,0,0,0,5
2015-01,0,81,178,1,9,0,27,14,295,6,61,8,6,1,0,3,2,1,0,1,3,4,18,0,0,0,3,6,2,0,0,0,2,2,1,5,1,1,3,0,0,0,4,0,0,0,4,0,1,0,0,0,0,34,1,0,2,0,0,40,0,0,0,2,0,0,2,0,0,2,0,0,2,0,0,0,90,0,0,2,0,0,0,0,5,0,23,0,2,0,0,1,2,0,0,13,1,0,1,1,0,0,1,0,1,0,0,6,4,1,0,1,1,1,0,1,0,2
2015-02,0,43,112,1,2,0,16,5,186,2,23,6,5,3,0,0,0,0,0,0,1,4,18,0,0,0,0,5,0,0,0,4,1,1,1,6,1,3,0,0,0,0,8,0,0,0,1,0,0,0,0,0,0,19,0,1,0,0,0,22,2,0,2,2,1,0,1,0,0,2,0,0,1,0,0,0,34,0,0,1,0,0,0,0,5,0,7,0,1,0,0,0,0,0,0,8,0,0,1,1,0,0,0,0,0,1,0,0,2,0,0,0,0,2,0,0,0,0
2015-03,1,36,104,2,4,0,12,20,172,3,29,8,5,0,1,1,4,1,1,0,1,5,10,0,0,0,0,5,0,0,0,2,1,2,1,7,0,0,0,0,0,0,2,0,0,0,3,0,0,0,2,0,0,15,0,0,0,0,0,29,1,1,0,2,0,0,1,0,0,1,0,1,0,1,0,0,59,0,0,1,0,1,0,0,9,0,17,0,1,2,0,1,1,0,0,4,0,0,1,1,0,1,0,1,0,1,0,1,2,0,0,0,0,0,0,0,0,1
2015-04,1,51,128,1,4,0,24,13,227,0,33,11,7,1,1,0,4,1,2,2,4,5,8,0,0,0,0,4,0,0,0,3,4,2,1,8,0,2,1,0,0,0,5,0,0,0,5,0,0,0,0,0,0,24,0,0,3,0,0,21,1,0,0,4,1,0,0,0,0,1,0,0,2,0,1,0,54,0,1,1,0,0,0,0,7,0,9,0,1,0,0,0,0,0,0,3,0,0,3,0,1,1,2,0,0,0,0,0,4,1,0,0,0,3,0,0,0,8
2015-05,0,34,95,2,2,0,11,9,156,2,23,4,4,0,0,2,0,1,0,1,1,0,8,0,0,0,0,3,1,0,0,4,0,1,1,5,0,1,1,0,0,0,4,0,0,0,2,0,0,0,2,0,0,17,0,0,1,0,0,24,2,0,0,3,0,0,0,0,0,0,0,0,0,0,0,0,58,0,0,0,0,0,0,0,0,0,3,0,1,0,0,0,0,0,0,3,1,0,0,0,1,0,1,0,2,0,0,1,0,0,0,0,0,2,0,0,0,1
2015-06,0,63,131,0,7,0,27,14,224,1,29,8,7,5,2,0,2,1,2,2,1,9,17,0,0,0,1,2,0,0,0,5,4,1,3,2,0,1,2,0,0,0,8,0,0,0,7,1,0,0,3,0,0,19,0,0,1,0,0,53,1,0,0,6,0,0,1,0,0,1,1,0,3,1,0,0,75,0,0,1,0,0,0,0,8,0,6,0,2,0,0,1,0,0,0,7,2,0,0,0,0,0,0,0,0,0,0,1,2,1,0,0,1,2,0,0,0,6
2015-07,3,59,180,0,5,0,31,12,302,1,52,11,8,0,3,0,5,0,4,0,4,6,28,0,0,0,3,9,0,0,0,1,6,3,0,2,1,1,1,1,0,0,7,0,0,0,10,0,1,0,2,0,0,41,1,0,0,0,1,36,2,0,0,4,1,0,1,0,0,0,0,0,4,0,0,0,61,0,0,0,0,2,0,0,4,0,15,0,4,1,0,0,0,0,1,3,4,0,4,1,0,0,1,0,1,0,1,0,1,0,0,0,0,4,0,0,0,7
2015-08,0,73,202,1,10,0,34,16,310,5,60,16,8,2,1,1,4,2,0,1,3,8,15,0,0,2,0,3,1,0,0,5,10,5,0,3,0,2,1,0,0,0,8,0,0,0,2,1,0,1,3,0,0,38,0,0,1,0,0,40,1,0,0,7,0,0,1,0,0,0,0,0,4,0,0,0,79,0,0,3,0,0,2,0,12,0,13,0,4,0,0,1,4,0,0,6,2,0,0,0,0,0,0,1,0,1,1,0,0,0,0,0,1,5,0,0,0,5
2015-09,0,79,209,0,5,0,42,21,359,2,59,18,19,4,2,0,6,0,0,2,10,14,32,0,0,0,0,6,1,0,0,6,5,3,1,7,1,1,4,0,0,0,8,0,0,2,7,0,0,0,3,0,0,52,1,0,2,0,0,47,3,0,1,3,0,0,0,0,0,0,0,0,3,0,1,0,72,0,0,1,1,0,2,0,12,0,20,0,7,1,0,1,1,1,0,2,0,0,0,0,0,0,0,0,0,1,2,1,2,2,0,0,0,2,0,0,0,1
2015-10,1,91,222,0,5,0,39,21,346,4,60,18,17,4,1,3,2,0,2,1,8,10,18,0,0,0,3,1,1,0,0,5,6,4,3,7,1,0,1,1,0,0,12,0,0,0,11,0,0,0,2,0,0,47,1,0,1,0,0,34,1,0,1,11,0,1,5,0,0,0,0,1,3,0,0,0,61,0,0,6,0,1,0,0,7,0,11,0,4,1,0,0,1,0,0,7,1,0,5,2,0,0,3,0,0,1,1,12,3,2,0,0,1,5,0,1,0,8
2015-11,0,68,151,1,5,0,31,20,234,4,49,9,5,1,0,0,3,0,1,3,0,5,4,0,0,0,3,8,0,0,0,1,1,2,3,2,0,2,1,1,0,0,9,0,0,0,5,0,1,0,1,0,0,32,0,0,1,0,0,34,0,0,1,3,1,0,1,0,0,0,0,0,3,0,0,0,68,0,0,0,0,1,0,0,6,0,25,0,2,0,0,0,0,0,0,3,3,1,0,3,0,0,0,0,1,3,1,0,1,0,0,0,0,3,0,0,0,1
2015-12,0,115,237,2,7,0,62,29,357,2,67,11,8,3,3,0,7,2,0,3,5,15,25,0,0,0,0,3,1,0,0,2,7,3,4,6,1,2,2,0,0,0,9,0,1,0,6,0,1,0,4,0,0,47,3,0,1,0,0,60,0,0,3,7,0,1,2,0,0,1,0,0,0,1,1,0,99,0,1,3,0,1,0,0,14,0,16,0,3,2,0,1,0,0,0,6,2,0,3,3,0,0,0,2,0,2,2,4,1,4,0,0,1,1,0,0,0,24
2016-01,3,103,229,3,13,0,40,15,368,6,73,13,7,3,1,0,2,1,1,0,1,5,19,0,0,1,2,15,1,0,0,4,5,1,0,11,1,2,0,1,0,0,12,0,0,0,7,0,0,0,6,0,0,35,1,0,0,0,1,42,5,0,2,1,0,0,3,0,0,1,1,2,3,0,1,0,124,0,0,0,0,1,1,1,2,0,25,0,7,0,0,0,1,0,0,10,4,0,0,1,0,0,1,1,0,0,0,2,2,1,0,1,0,4,0,0,0,2
2016-02,1,48,161,0,2,0,19,16,230,2,32,5,4,3,1,0,4,0,0,0,2,7,8,0,0,1,1,7,0,0,0,6,3,1,0,9,1,1,1,0,0,0,6,0,0,0,2,0,0,0,4,0,0,35,0,0,0,0,0,30,1,0,1,1,0,0,6,0,0,0,0,0,2,0,0,0,56,0,0,2,0,2,0,0,5,0,16,0,2,0,0,1,0,0,0,9,1,0,2,1,0,1,0,0,0,2,1,0,3,0,0,0,2,2,0,0,0,3
2016-03,1,69,204,2,7,0,41,22,334,6,61,11,14,3,0,1,4,0,0,1,5,9,14,0,0,0,3,14,0,0,0,1,2,1,4,6,0,2,1,1,0,0,8,0,0,0,10,0,0,0,3,0,0,33,0,0,1,0,0,46,3,0,0,1,0,0,3,0,0,1,0,0,2,0,0,0,67,0,0,1,0,0,1,0,8,0,12,0,3,0,0,0,0,0,0,4,1,0,2,5,0,0,1,0,0,0,0,5,5,2,0,0,0,1,0,0,0,3
2016-04,2,55,142,0,8,0,28,10,233,6,42,6,6,4,0,1,2,0,1,0,3,9,15,0,0,0,1,3,2,0,0,2,2,1,0,5,0,1,0,0,0,0,2,0,0,0,5,1,1,0,3,0,0,39,2,0,0,0,0,23,2,0,2,2,0,0,1,0,0,4,0,0,0,0,0,0,50,1,0,0,0,0,0,0,6,0,10,0,3,0,0,0,0,0,0,6,1,0,1,0,0,0,0,0,0,0,0,2,0,0,0,0,1,3,0,0,0,1
2016-05,2,71,177,2,4,0,29,15,238,2,29,12,10,2,0,1,6,1,2,2,4,5,12,1,0,0,0,6,0,0,0,3,2,1,1,2,0,1,0,0,0,0,8,0,0,0,5,1,2,0,3,0,0,35,0,0,1,0,0,42,1,1,0,2,0,0,1,0,0,5,0,0,4,0,0,0,66,0,0,0,0,0,0,0,6,0,12,0,2,0,0,0,0,0,0,6,0,0,2,2,0,0,3,0,0,1,1,2,2,1,0,0,0,4,0,0,0,5
2016-06,0,70,186,1,5,0,44,32,298,10,50,10,7,1,1,0,4,0,0,1,2,19,21,0,0,0,0,2,0,0,0,3,2,4,2,6,0,3,1,0,0,0,5,0,0,0,8,0,0,0,2,0,0,29,0,0,1,0,0,32,2,0,2,6,0,0,2,0,0,2,0,0,0,0,0,0,60,0,0,1,0,1,0,0,5,0,16,0,3,1,0,0,0,1,1,5,0,0,4,2,0,0,0,0,0,0,2,1,4,1,0,0,2,3,0,0,0,1
2016-07,4,111,269,3,4,0,60,33,444,10,88,16,5,3,1,0,7,0,1,2,5,16,27,0,0,0,1,9,0,1,0,1,5,3,1,12,0,3,0,0,0,0,8,0,0,0,16,0,0,0,5,0,0,63,0,0,6,0,0,59,1,0,0,5,0,0,0,0,0,3,0,1,1,0,2,0,70,0,3,0,0,0,0,0,15,0,30,0,5,0,0,1,0,0,0,3,2,0,2,2,0,1,3,0,1,0,0,5,2,4,0,0,2,3,0,0,0,5
2016-08,3,77,222,3,6,0,38,23,320,4,49,14,10,5,3,0,2,0,1,1,3,10,10,0,0,0,3,10,0,0,0,5,8,2,2,8,0,4,1,1,0,0,5,0,0,1,9,0,0,0,2,0,0,50,4,0,3,0,0,55,0,0,3,3,0,0,1,1,0,0,0,1,4,0,1,0,71,0,0,2,0,1,0,0,6,0,9,0,2,1,0,1,1,0,1,7,0,0,0,1,0,1,0,0,1,0,1,3,5,1,0,0,0,2,0,0,0,6
2016-09,4,85,213,0,7,0,44,19,329,8,56,6,2,1,1,0,3,1,1,0,4,22,18,0,0,0,2,19,1,0,0,2,5,1,2,5,0,3,2,0,0,0,4,0,0,0,6,0,0,0,5,0,0,41,1,0,1,0,0,51,4,0,0,3,0,0,2,0,0,2,0,0,1,0,0,0,73,0,0,1,0,0,0,0,10,0,14,0,3,0,0,2,0,0,0,9,0,0,1,1,0,1,1,0,0,0,1,7,2,3,0,0,1,3,0,0,0,2
2016-10,12,87,256,0,5,0,64,38,370,3,72,14,8,3,4,2,4,1,2,0,9,12,19,0,0,2,1,6,0,0,0,5,6,7,2,7,1,3,3,1,0,0,13,0,0,0,5,4,3,0,2,0,0,48,0,0,0,0,0,51,1,1,0,6,1,0,0,0,0,0,0,0,5,0,0,0,68,0,0,3,0,0,0,0,7,0,17,0,6,0,0,1,3,0,0,8,0,0,2,2,1,1,1,2,0,2,1,10,4,4,0,0,1,4,0,0,0,4
2016-11,2,97,245,0,2,0,52,23,421,2,73,12,5,3,0,1,0,1,1,1,5,14,20,0,0,0,2,3,0,0,0,5,7,8,3,6,0,2,1,0,0,0,8,0,0,0,8,1,2,0,7,0,0,50,1,0,1,0,0,65,2,1,1,3,0,0,3,0,0,3,0,1,0,1,0,0,56,0,0,0,0,0,2,1,8,0,20,0,7,0,0,0,1,0,1,3,2,1,1,1,0,0,0,0,0,0,1,2,1,3,0,1,1,3,0,0,0,8
2016-12,9,102,289,0,7,0,70,41,455,5,94,18,6,5,0,0,10,0,2,1,6,23,27,0,0,1,2,12,2,0,0,4,8,2,7,12,0,3,1,0,0,0,7,0,0,0,13,0,0,0,3,0,0,65,2,0,3,0,0,66,2,0,0,5,1,1,1,0,0,0,0,0,7,2,1,0,87,0,0,0,1,1,1,0,17,0,33,0,12,0,0,1,2,1,0,5,1,0,0,4,0,0,0,1,0,1,3,8,3,4,0,2,0,3,0,0,0,4
2017-01,6,134,255,3,10,1,62,23,437,12,91,15,9,4,1,2,0,4,3,1,5,19,24,0,0,0,0,10,0,0,0,2,11,3,4,8,0,4,5,0,0,0,4,0,2,1,12,6,1,0,4,0,0,40,1,0,3,0,0,93,2,1,0,6,0,0,2,0,0,2,0,0,0,1,0,0,110,0,0,4,1,0,1,0,10,0,7,0,4,0,0,0,1,0,0,17,4,0,1,4,0,3,0,0,0,1,3,6,4,2,0,1,0,6,0,0,0,9
2017-02,1,69,190,0,4,0,46,29,305,6,56,8,5,1,1,1,4,2,1,0,5,12,21,0,0,0,0,2,0,0,0,5,4,2,6,6,0,0,1,0,0,0,6,0,0,0,7,1,0,0,1,0,0,42,0,0,0,0,0,45,0,0,1,2,0,0,4,0,0,2,0,0,3,1,1,0,59,0,0,1,0,0,1,0,7,0,8,0,6,0,0,0,0,0,0,6,2,0,1,3,0,1,0,1,1,1,0,2,1,1,0,1,1,3,0,0,0,6
2017-03,9,83,215,1,6,0,46,19,315,3,62,14,7,3,0,0,2,0,0,0,4,19,16,0,0,0,3,8,1,0,0,4,4,0,4,2,0,0,0,1,0,0,2,0,0,0,8,0,1,1,2,0,0,29,1,0,1,0,0,42,2,0,1,3,0,0,3,0,0,1,0,1,1,0,1,0,73,0,0,1,0,0,2,0,6,0,13,0,4,0,0,1,0,0,0,4,2,0,1,2,0,0,0,1,1,1,1,6,3,3,0,0,1,1,0,0,0,4
2017-04,7,54,184,1,7,0,36,18,270,1,67,10,6,0,0,0,4,1,1,1,9,4,24,0,0,0,0,6,0,0,0,1,6,5,4,3,0,1,3,0,0,0,8,0,0,0,7,0,0,0,2,0,0,36,0,0,0,0,0,33,2,0,1,1,0,0,5,0,0,0,0,0,1,1,0,0,51,0,0,2,0,0,1,0,5,0,13,0,4,0,0,0,3,0,0,6,1,0,2,2,0,0,1,1,0,3,2,9,0,3,0,0,0,1,0,0,0,2
2017-05,12,65,203,4,0,0,44,22,335,2,49,8,5,3,3,0,1,0,0,0,2,11,15,0,0,1,0,2,0,0,0,3,3,5,3,5,0,1,1,0,0,0,7,0,0,1,8,2,0,0,3,0,0,29,0,0,0,0,0,45,1,0,1,0,2,1,0,0,0,2,0,0,2,0,2,0,55,0,0,1,0,0,0,0,7,0,14,0,1,0,0,0,0,0,0,4,0,0,3,2,0,0,1,2,0,2,1,7,2,0,0,1,0,3,0,0,0,4
2017-06,25,100,233,3,7,0,81,23,395,3,77,15,12,5,4,0,4,2,1,2,5,20,38,0,0,0,0,7,0,0,0,3,8,6,4,6,0,3,1,0,0,0,5,0,0,0,14,0,1,0,4,0,0,53,0,0,5,0,0,68,2,0,1,4,0,2,4,1,0,4,0,2,2,0,1,0,71,0,0,2,0,1,1,0,12,1,14,0,7,0,0,3,1,0,0,9,3,0,2,1,0,0,0,0,0,0,3,0,4,5,0,3,0,7,0,0,0,3
2017-07,52,206,602,1,18,0,181,81,883,12,191,35,21,8,3,0,11,6,0,2,17,40,40,1,0,1,6,27,0,0,0,11,11,11,5,8,0,8,4,2,0,0,18,0,0,3,10,3,2,0,15,0,0,122,2,0,7,0,2,151,3,0,0,7,0,2,12,0,0,4,0,1,5,0,3,0,109,0,1,2,0,0,3,0,22,0,27,0,10,0,0,2,1,0,0,15,8,1,3,6,0,6,0,1,0,2,2,6,5,2,0,6,2,12,0,0,0,9
2017-08,12,62,168,1,4,0,51,16,296,2,52,20,13,0,2,0,0,1,1,1,3,15,15,0,0,0,2,5,0,0,0,1,4,2,5,4,0,0,2,0,0,0,14,0,0,0,7,0,1,0,0,0,0,47,2,0,0,0,0,23,0,0,1,5,0,2,1,0,0,1,0,1,3,0,2,0,57,0,0,2,0,0,0,0,9,0,14,0,1,1,0,0,2,0,1,9,1,0,2,1,0,0,0,1,0,0,1,2,1,1,0,1,2,4,0,0,0,7
2017-09,28,104,254,0,5,1,63,22,407,3,58,20,15,4,3,0,2,0,0,1,4,21,28,0,0,0,0,4,0,0,0,4,5,4,1,5,0,2,3,0,0,0,7,0,0,0,13,0,1,0,4,0,0,75,1,0,1,0,0,39,1,0,2,4,0,1,1,0,0,3,0,0,5,0,0,0,90,0,0,1,0,0,0,0,7,0,18,0,3,0,0,2,3,0,0,5,3,0,0,2,1,1,0,0,2,0,1,4,2,6,0,2,1,2,0,0,0,4
2017-10,28,129,347,1,8,0,113,41,531,2,101,16,12,3,3,1,4,5,1,3,6,28,32,0,0,0,2,7,2,0,0,3,3,4,3,11,1,4,1,3,0,0,12,0,0,0,12,0,0,0,7,0,0,73,0,0,5,0,0,62,1,1,0,7,5,3,6,0,0,3,1,4,5,0,1,0,106,0,0,1,0,0,1,0,12,0,22,0,5,2,0,1,0,2,0,6,2,0,6,1,1,4,0,2,0,2,2,21,2,0,0,4,1,6,0,0,0,7
2017-11,36,98,249,1,6,0,88,36,421,6,92,20,10,8,3,1,4,3,1,1,3,28,14,0,0,0,0,5,3,0,0,4,5,7,1,4,0,5,3,3,0,0,7,0,0,0,9,0,1,0,4,0,0,51,0,0,0,0,0,53,4,0,0,2,0,0,0,0,0,2,0,0,1,0,1,0,89,0,0,0,0,1,0,0,19,0,26,0,2,0,0,0,1,1,0,4,4,0,1,1,0,0,2,0,1,2,4,3,1,2,0,2,0,6,0,0,0,3
2017-12,48,109,303,1,3,0,104,43,467,4,89,13,16,2,1,1,5,2,1,3,11,26,29,0,0,1,1,1,1,0,0,4,6,3,1,6,0,4,4,1,1,0,12,0,0,0,7,3,1,0,3,0,0,60,3,0,2,0,0,50,2,0,0,4,1,1,2,0,0,0,0,0,1,1,2,0,88,0,0,2,0,1,0,0,6,0,20,0,4,0,0,0,2,2,0,9,1,0,2,3,0,1,4,1,0,0,1,12,2,6,0,3,1,3,0,0,0,14
2018-01,41,89,212,3,6,0,65,15,340,7,61,7,7,6,1,1,3,1,1,0,3,10,32,0,0,0,3,3,0,0,0,4,2,2,3,5,0,1,0,0,0,0,10,0,0,0,9,0,4,1,4,0,0,26,0,0,2,0,0,42,1,0,0,5,1,0,4,0,0,3,0,0,1,0,0,0,106,0,0,0,0,1,0,0,5,0,18,0,0,0,0,0,1,0,1,14,3,0,1,2,0,0,0,0,0,0,3,6,2,4,0,7,0,5,0,0,0,3
2018-02,15,39,131,3,3,0,44,16,216,3,35,3,2,3,1,0,0,0,0,0,3,4,17,0,0,0,0,1,0,0,0,1,1,0,1,4,0,0,1,4,0,0,4,0,0,2,5,2,0,1,0,0,0,15,0,0,1,0,0,19,3,0,1,5,0,0,2,0,0,1,0,0,0,1,0,0,62,0,0,2,0,0,0,0,5,0,9,0,0,0,0,0,0,0,2,5,1,0,0,1,0,1,1,0,0,0,2,3,0,0,0,0,0,4,0,0,0,7
2018-03,42,71,191,0,3,0,63,19,319,2,60,8,11,4,1,0,1,2,0,0,8,17,26,0,0,0,4,3,0,0,0,0,8,3,5,5,0,1,2,0,0,0,9,0,0,0,7,0,0,0,4,0,0,47,1,0,2,0,0,40,0,0,0,2,1,0,1,0,0,0,0,1,2,1,0,1,78,0,0,1,0,0,0,0,8,0,16,0,2,0,0,0,0,0,1,8,1,0,1,1,0,1,1,1,0,1,0,4,1,2,0,2,1,0,0,0,0,3
2018-04,24,60,199,1,2,0,63,23,276,2,50,9,9,3,3,0,5,0,1,1,9,16,14,0,0,1,0,2,1,0,0,4,0,4,3,5,0,2,2,0,0,0,7,0,0,1,6,0,0,0,4,0,0,39,1,0,0,0,0,28,0,0,1,6,2,2,1,0,0,1,0,0,0,0,0,0,81,0,1,3,0,0,1,0,2,0,11,0,3,0,0,0,0,0,0,9,0,0,3,4,0,3,0,1,0,0,0,4,3,0,0,2,1,5,0,0,0,4
2018-05,58,78,236,1,5,0,101,33,348,2,58,15,10,4,1,0,6,1,0,2,6,13,16,0,0,0,0,3,0,0,0,2,7,2,3,3,0,2,4,4,0,0,2,0,0,0,2,2,2,0,2,0,0,54,0,0,5,0,0,43,0,1,0,3,2,3,2,0,0,1,0,0,2,0,0,0,80,0,0,0,1,0,0,0,10,0,17,0,5,0,0,1,0,0,0,4,1,0,1,0,0,0,0,1,0,0,1,3,1,5,0,8,2,7,0,0,0,5
2018-06,67,110,322,0,9,0,109,34,481,2,73,15,8,3,4,3,3,1,0,1,9,22,20,0,0,1,1,12,0,0,0,7,7,2,2,2,1,1,2,3,0,0,12,0,0,1,10,2,2,1,2,0,0,62,2,0,4,0,0,51,4,0,1,6,2,2,2,0,0,4,0,0,1,0,1,0,87,0,0,3,0,1,0,0,14,0,33,0,2,0,0,2,0,0,0,9,3,1,2,3,2,2,0,3,0,1,1,4,0,2,0,11,1,7,0,0,0,12
2018-07,290,162,482,1,15,0,287,91,777,12,179,21,15,4,1,0,8,2,1,3,21,42,44,0,0,0,3,10,0,0,0,7,11,8,6,12,1,5,4,9,0,0,21,0,0,1,22,2,3,0,10,0,0,120,0,0,6,0,0,126,2,0,4,15,1,1,10,1,0,4,0,0,4,1,2,0,127,0,1,3,0,0,1,0,29,0,33,0,15,0,0,0,5,1,0,12,1,1,6,7,0,3,1,2,1,0,1,11,3,7,0,56,1,11,0,0,0,22
2018-08,82,110,263,2,8,0,130,49,418,7,80,8,3,4,0,0,4,0,4,2,8,17,24,0,0,1,3,5,1,0,0,3,3,0,1,8,1,6,2,2,0,0,8,0,0,0,15,0,3,0,1,0,0,72,4,1,1,0,0,42,0,1,1,4,1,0,3,0,1,1,1,0,4,0,0,1,105,0,0,4,0,0,0,0,5,0,23,0,7,1,0,0,0,0,0,11,5,1,2,1,0,0,0,0,0,1,0,4,3,10,0,12,0,5,0,0,0,12
2018-09,82,84,275,3,7,0,124,35,442,4,81,21,10,2,3,0,3,4,0,2,2,19,25,0,0,0,0,11,1,0,0,3,3,1,4,2,0,6,6,0,0,0,7,0,0,0,3,0,0,0,3,0,0,70,3,0,2,0,0,48,1,0,2,5,2,0,4,0,0,0,0,0,5,2,0,1,77,0,0,3,0,0,0,0,7,0,18,0,1,1,0,0,1,0,0,12,0,0,4,3,0,1,0,0,0,0,1,8,1,2,0,12,0,9,0,0,0,9
2018-10,104,113,330,2,7,0,147,46,523,11,89,17,14,3,0,1,7,1,0,3,8,25,18,0,0,0,3,8,2,0,0,5,6,5,3,15,2,3,4,1,0,0,16,0,0,1,13,0,1,0,11,0,0,73,1,0,2,0,0,66,2,0,3,9,0,0,0,0,0,1,0,2,1,1,0,0,101,0,0,2,0,0,2,0,16,0,17,0,5,0,0,0,1,0,1,7,3,0,4,1,1,1,1,1,2,0,1,11,3,4,0,15,2,6,0,0,0,9
2018-11,117,91,299,1,9,0,163,32,496,3,100,16,11,3,2,1,4,1,0,4,16,24,17,0,0,0,0,5,0,0,0,6,10,7,5,1,1,1,5,3,0,0,16,0,0,1,8,1,2,1,6,0,0,39,0,0,4,0,0,65,1,1,3,2,0,4,5,0,0,0,0,1,2,2,1,0,91,0,0,1,0,0,1,0,5,0,17,0,9,0,0,0,2,0,0,10,3,0,0,3,0,0,0,0,0,2,2,6,2,3,0,17,2,7,0,0,0,10
2018-12,120,115,396,2,11,0,212,60,573,8,119,12,12,2,1,2,6,1,3,0,13,30,32,0,0,0,0,12,1,0,0,10,13,4,5,7,2,5,3,5,0,0,12,0,0,1,10,0,1,0,4,0,0,73,1,0,3,0,0,98,1,0,2,4,0,2,3,0,0,1,0,0,2,2,1,0,140,0,1,0,0,0,1,2,9,0,20,0,7,2,0,1,1,0,0,13,3,0,6,5,0,1,0,1,2,0,2,16,4,5,0,13,1,6,0,0,0,15
2019-01,100,87,253,3,8,0,144,48,375,5,86,5,7,4,1,2,0,3,1,0,3,30,29,0,0,0,0,4,2,0,0,3,4,1,1,4,1,4,2,3,0,0,7,0,0,0,6,1,1,0,1,0,0,63,3,0,4,0,0,48,1,0,1,7,0,1,3,0,0,0,0,2,1,0,0,1,110,0,0,0,0,0,0,0,4,0,21,0,1,1,0,1,0,0,0,10,2,0,2,2,0,3,0,1,0,2,0,7,4,2,0,13,1,4,0,2,0,6
2019-02,46,35,149,1,1,0,93,14,211,2,33,6,7,6,1,0,3,0,0,1,2,10,16,0,0,0,0,4,0,0,0,1,1,1,2,0,1,0,0,0,0,0,3,0,0,0,5,0,1,0,0,0,0,28,0,0,2,0,0,37,1,0,3,4,0,1,0,0,0,3,0,1,1,0,0,0,53,0,1,0,0,1,0,0,4,0,8,0,8,0,0,1,0,0,1,9,1,2,1,0,0,1,0,0,0,1,0,2,3,1,0,7,1,2,0,0,0,5
2019-03,136,75,255,1,5,0,160,45,393,5,87,10,7,3,1,0,0,0,2,1,6,26,17,0,0,1,0,5,0,0,0,2,8,3,3,5,1,2,2,4,0,0,11,0,0,0,3,0,2,0,6,0,0,66,2,0,3,0,1,49,0,0,0,6,3,0,6,0,0,2,0,0,3,0,0,0,105,0,0,0,0,0,0,0,3,0,13,0,4,0,0,0,0,0,1,7,1,0,2,5,0,0,1,0,0,0,0,3,2,1,0,14,0,2,0,0,0,15
2019-04,159,96,346,1,6,0,158,38,481,13,86,10,15,10,0,1,2,0,1,3,6,25,18,0,0,0,2,6,0,0,0,2,5,2,2,7,0,4,2,1,0,0,5,0,0,0,6,0,1,0,4,0,0,74,1,0,1,0,0,42,1,0,1,4,1,0,3,0,0,3,0,0,3,1,2,0,94,0,0,0,0,1,0,1,8,0,21,0,4,0,0,3,0,0,0,8,3,1,1,3,0,1,1,0,0,2,0,11,2,0,0,17,3,6,0,0,0,15
2019-05,211,98,276,0,9,0,248,44,454,1,70,24,11,1,3,0,6,3,1,1,10,26,27,0,0,0,1,12,1,0,0,2,7,8,3,8,1,4,2,8,0,0,13,0,0,0,11,4,2,0,7,0,0,78,2,0,4,0,0,61,2,0,3,7,2,2,4,0,0,3,0,1,3,0,2,0,106,0,0,1,0,2,0,1,11,0,20,0,3,1,0,0,1,0,0,13,1,1,3,6,0,0,0,0,1,1,1,7,4,1,0,34,1,4,0,0,0,16
2019-06,206,111,356,4,11,0,236,44,501,5,117,11,12,5,2,0,3,1,2,1,9,27,25,0,0,0,3,6,0,0,0,5,6,5,9,15,1,2,1,11,0,0,8,0,0,0,17,2,2,0,5,0,0,82,1,0,2,0,0,60,3,0,0,6,2,4,8,0,0,0,0,3,2,0,1,0,106,0,0,0,0,1,3,0,17,0,16,0,7,0,0,2,1,0,0,10,9,0,4,2,0,2,0,1,0,0,2,4,6,4,0,22,0,6,0,0,0,15
2019-07,208,89,354,1,7,0,217,53,504,6,100,19,7,9,0,1,4,1,0,0,5,22,26,0,0,0,1,7,1,0,0,2,6,7,5,13,2,0,8,5,0,0,12,0,0,0,13,1,2,0,1,0,0,58,1,0,2,0,0,64,2,0,0,10,2,2,7,0,1,5,0,1,2,0,0,0,104,0,0,0,0,0,0,0,5,0,22,0,2,1,0,1,1,0,0,8,2,1,3,3,0,0,1,1,1,1,0,6,3,1,0,32,3,7,0,0,0,19
2019-08,132,69,300,3,6,0,190,39,393,6,78,18,11,4,1,1,4,0,0,1,7,21,15,0,0,0,2,4,0,0,0,4,7,4,3,3,2,3,2,6,0,0,10,0,0,0,13,1,1,0,2,0,0,61,3,0,1,0,0,47,2,0,1,5,0,1,7,0,0,0,0,0,6,2,0,0,71,0,0,1,0,0,0,0,18,0,22,0,2,0,1,0,1,0,1,2,0,0,1,4,1,1,2,0,0,0,0,6,6,4,0,10,1,1,0,0,0,11
2019-09,141,93,323,2,7,0,202,51,454,9,120,18,8,11,1,0,2,2,2,1,6,17,23,0,0,0,3,9,0,0,0,5,3,1,5,8,0,2,4,4,0,0,14,0,0,1,11,1,4,0,3,0,0,46,1,0,4,0,0,79,0,0,1,5,1,3,5,0,0,2,0,0,1,1,1,0,118,0,0,1,0,0,0,0,14,0,13,0,2,0,0,1,4,0,0,11,1,0,1,5,0,2,0,0,0,1,2,6,3,1,0,19,1,6,0,0,0,15
2019-10,233,116,373,1,6,0,284,74,524,3,150,20,19,5,1,1,2,3,0,2,14,36,34,0,0,0,1,6,1,0,0,4,17,2,4,7,0,0,0,7,0,0,15,0,0,0,16,0,0,0,10,0,0,77,1,0,4,0,0,71,0,0,4,4,2,2,6,0,1,0,0,1,3,0,0,0,133,0,1,2,0,0,0,0,15,0,23,0,12,1,0,1,2,0,0,13,6,0,1,2,0,1,0,1,0,0,2,2,5,3,0,19,3,7,0,0,0,16
2019-11,202,91,366,1,7,0,250,54,531,5,135,23,16,7,1,0,6,1,0,0,13,33,32,0,0,0,1,5,0,0,0,4,11,8,3,5,1,4,6,5,0,0,12,0,0,0,12,1,0,0,6,0,0,69,2,0,2,0,0,83,0,0,3,5,0,4,4,0,0,2,0,1,12,0,0,0,103,0,1,3,0,0,0,0,14,0,11,0,10,0,0,0,1,0,0,11,3,0,2,6,0,0,0,0,0,2,1,15,7,6,0,28,1,10,0,0,0,13
2019-12,265,96,408,1,15,0,339,79,570,6,126,16,20,7,4,1,5,1,0,0,10,19,39,0,0,0,3,6,1,0,0,1,9,3,5,3,1,3,5,5,0,0,12,0,0,1,10,1,2,0,1,0,0,88,2,1,4,0,0,79,2,0,0,6,1,3,5,1,0,4,1,1,4,0,2,1,139,0,0,1,0,0,0,0,4,0,21,0,9,0,1,1,0,0,0,7,6,1,5,9,0,0,1,0,1,2,1,0,5,4,0,29,2,9,0,0,0,12
2020-01,250,90,296,4,7,0,218,38,385,10,86,4,7,2,1,0,5,5,1,2,3,13,31,0,0,0,1,3,1,0,0,3,3,1,2,7,1,1,1,1,3,0,7,0,0,0,10,0,3,0,2,0,0,60,1,0,3,0,0,38,4,0,1,4,0,0,3,0,0,1,0,1,2,0,2,0,97,0,0,2,0,0,0,0,6,0,17,0,3,0,0,0,0,0,0,16,2,0,1,3,0,0,1,0,0,0,3,10,1,6,0,28,1,5,0,1,0,10
2020-02,147,59,231,2,8,0,182,31,313,0,93,10,12,3,1,0,6,1,0,0,6,17,24,0,0,0,1,6,1,0,0,0,2,0,1,9,1,3,0,2,0,0,10,0,0,0,5,0,0,0,3,0,0,30,0,0,6,0,1,33,0,0,0,5,0,2,4,0,0,3,0,1,3,0,0,0,55,0,0,1,0,1,0,0,10,0,7,0,5,0,0,1,0,0,0,9,0,0,2,0,0,0,0,0,0,1,1,1,2,3,0,14,2,5,0,0,0,6
2020-03,171,60,244,1,8,0,223,43,361,2,102,10,12,8,1,0,3,2,1,0,5,18,31,0,0,0,1,2,1,0,0,2,6,2,1,1,1,7,1,4,0,0,13,0,0,0,8,1,2,0,2,0,0,54,1,2,1,0,0,43,1,0,1,5,0,4,6,0,0,1,0,0,3,0,1,0,111,0,0,3,0,0,0,0,6,0,21,0,2,0,0,0,1,0,0,5,1,1,3,2,0,0,0,0,0,1,1,7,0,3,0,21,3,8,0,0,0,15
2020-04,130,61,237,0,5,0,163,34,329,3,70,7,2,5,1,0,2,0,1,1,3,15,21,0,0,0,0,5,2,0,0,0,4,1,1,3,0,3,1,1,0,0,6,0,0,0,8,0,1,0,1,0,0,59,0,0,2,0,0,52,0,0,0,4,2,3,6,0,0,0,0,1,0,1,0,0,90,0,0,2,0,0,1,0,5,0,17,0,5,0,0,0,1,0,0,9,1,0,1,1,0,2,0,0,1,2,0,4,3,2,0,17,0,3,0,1,0,9
2020-05,161,66,187,3,5,0,154,40,301,4,58,6,6,2,0,0,2,1,1,0,7,13,21,0,0,0,0,5,0,0,0,1,5,1,0,3,0,3,2,12,0,0,6,0,0,0,4,0,0,0,3,0,0,60,0,0,1,0,0,37,3,0,0,3,0,6,4,0,0,1,1,1,1,0,1,1,98,0,0,1,0,2,0,0,8,0,10,0,2,0,0,0,0,0,0,7,2,0,3,1,0,1,0,0,0,1,0,11,0,1,0,23,2,6,0,0,0,13
2020-06,321,110,331,3,6,0,329,72,527,12,146,20,14,4,2,3,4,0,2,1,7,27,34,0,0,1,1,3,0,0,0,8,6,1,3,8,1,4,2,5,0,0,14,0,0,0,12,0,3,0,5,0,0,102,0,0,1,0,0,48,1,0,0,7,2,6,6,1,0,2,0,1,3,1,3,2,134,0,0,1,0,0,0,0,17,0,19,0,3,0,0,0,1,0,0,13,4,0,0,5,1,3,3,2,1,3,1,8,2,5,0,43,0,3,0,1,0,20
2020-07,219,74,299,2,6,0,293,61,430,3,112,21,14,2,0,0,3,1,0,1,7,30,30,0,0,0,2,8,2,0,0,2,6,2,3,4,1,5,5,10,0,0,9,0,0,0,9,0,2,0,3,0,0,87,2,0,2,0,0,50,2,0,3,4,1,5,7,0,0,2,0,2,2,0,1,0,89,0,1,0,0,0,0,0,5,0,19,0,3,0,0,0,1,0,0,5,3,0,5,3,1,0,2,0,1,2,1,12,1,0,0,26,2,8,0,0,0,21
2020-08,186,58,262,1,5,0,225,55,389,1,89,9,9,4,0,1,4,1,1,1,3,18,32,0,0,0,1,6,1,0,0,1,5,8,2,5,1,8,2,3,1,0,7,0,0,0,6,0,0,0,4,0,0,74,3,0,1,0,0,35,0,0,1,2,0,5,3,0,0,2,0,0,0,0,0,0,103,0,0,1,2,0,0,0,8,0,18,0,0,0,0,0,1,1,0,6,1,0,1,2,2,1,0,0,1,2,2,3,1,3,0,21,0,4,0,1,0,12
2020-09,277,82,292,6,5,0,271,50,433,8,95,26,16,1,2,0,5,0,0,1,9,17,16,0,0,0,0,6,1,0,0,2,5,1,4,5,0,9,5,12,0,0,10,0,0,0,15,1,3,0,5,0,0,60,3,0,5,0,0,54,4,0,0,2,2,7,8,0,0,3,0,0,3,2,1,0,163,1,0,0,0,0,1,0,7,0,13,0,2,1,0,0,1,0,0,10,4,1,0,5,0,1,1,1,1,0,1,9,3,3,0,35,0,6,0,0,0,18
2020-10,352,115,440,2,15,0,370,103,637,9,172,20,18,7,1,1,5,2,2,1,13,23,34,0,0,0,1,6,2,0,0,2,12,7,5,9,0,7,5,9,0,0,12,0,0,0,11,1,3,0,7,0,0,93,2,0,2,0,0,56,2,0,1,7,1,5,16,0,0,2,1,0,4,0,1,1,122,0,0,1,0,0,2,0,11,1,25,0,6,1,0,0,4,0,0,15,2,0,3,1,1,3,1,1,0,2,0,9,4,2,0,29,1,15,0,0,0,17
2020-11,317,101,373,1,7,0,377,72,455,3,141,10,15,1,1,0,5,2,2,4,5,27,21,0,0,0,5,12,1,0,0,1,9,8,4,5,1,8,1,10,0,1,11,1,0,1,13,0,2,1,7,0,0,94,2,0,2,0,0,53,1,0,0,4,2,16,6,0,0,1,0,1,4,1,2,0,118,0,0,4,0,0,0,0,12,0,16,0,1,0,0,0,0,0,0,15,2,0,3,1,0,1,1,1,0,0,1,15,1,3,0,29,1,10,0,0,0,36
2020-12,373,140,429,3,11,0,496,92,591,7,171,34,23,15,5,0,4,5,0,3,16,32,42,0,0,1,1,6,1,0,0,5,9,8,7,13,2,8,9,12,0,0,21,0,0,0,13,1,3,0,8,0,0,104,5,1,5,0,1,63,4,0,0,2,2,9,13,0,0,3,0,0,3,1,2,0,159,0,0,0,0,0,1,0,18,0,27,0,9,2,0,1,1,0,2,7,4,1,6,6,0,1,1,1,1,0,2,12,4,5,0,48,0,14,0,0,0,54
2021-01,376,106,296,6,13,0,357,41,473,12,112,9,9,7,1,0,2,4,1,0,8,21,24,0,0,0,0,4,1,0,0,1,5,1,6,5,2,2,8,6,0,0,13,0,0,0,10,0,2,0,6,0,0,115,1,0,1,0,0,70,3,0,4,5,0,7,7,1,0,2,0,0,1,0,2,1,138,0,0,3,1,0,1,0,11,0,22,0,5,1,0,1,1,0,0,14,3,1,2,5,0,0,1,1,1,0,1,5,3,1,0,49,0,17,0,0,0,19
2021-02,183,67,247,4,8,0,194,29,355,2,77,10,7,4,0,1,3,2,2,1,8,10,14,0,0,0,1,3,1,0,0,1,5,1,0,4,0,5,0,4,0,0,12,0,0,1,6,0,0,0,2,0,0,54,0,0,3,0,0,34,2,0,1,1,0,4,3,0,0,1,0,0,3,0,0,0,99,0,0,0,0,0,0,0,7,0,23,0,3,0,0,0,0,0,0,5,1,0,0,0,0,1,0,0,0,0,2,6,2,1,0,15,0,4,0,0,0,13
2021-03,254,73,258,2,6,0,262,54,395,5,84,6,14,8,0,0,4,2,1,2,6,17,24,0,0,0,2,2,3,0,0,1,5,2,1,2,0,4,3,9,0,0,4,0,0,0,7,1,1,0,3,0,0,77,0,0,2,0,0,45,1,0,1,4,0,6,10,0,0,0,0,1,2,0,2,0,130,0,0,1,0,2,1,0,6,0,22,0,7,0,1,0,0,0,0,6,1,2,0,2,0,0,1,0,0,0,1,10,3,1,0,33,1,2,0,0,0,11
2021-04,255,91,309,3,8,0,253,51,421,6,106,15,10,6,1,1,2,1,2,3,5,23,21,0,0,0,1,1,3,0,0,0,5,1,3,4,2,7,7,4,1,0,6,0,0,0,11,0,3,0,8,0,0,82,3,0,4,0,0,38,2,0,2,5,0,1,2,0,0,2,0,1,2,1,0,1,123,0,0,1,0,0,0,0,14,0,12,0,3,0,0,1,0,0,0,13,4,0,2,1,0,1,1,0,0,0,0,5,0,2,0,24,0,9,0,0,0,20
2021-05,295,92,323,4,11,0,299,74,438,3,108,31,18,4,3,1,3,4,0,0,5,22,23,0,0,1,0,5,0,0,0,1,3,3,1,7,0,6,1,10,0,0,7,0,0,0,15,1,0,0,1,0,0,94,1,0,2,0,0,62,3,0,2,4,1,10,4,0,0,2,0,0,2,1,0,0,102,0,0,0,0,0,0,0,14,0,29,0,1,0,0,2,1,0,0,9,1,0,4,3,0,1,1,2,1,2,0,6,2,1,0,36,4,9,0,0,0,34
2021-06,320,113,334,6,9,0,390,87,489,8,169,20,9,5,1,0,4,2,1,1,8,27,41,0,0,2,1,2,0,0,0,3,7,2,7,6,0,5,5,17,1,0,18,0,0,0,18,1,7,0,6,0,0,102,1,0,4,0,0,54,0,0,2,6,0,8,6,0,1,2,0,0,2,1,0,2,126,0,0,1,0,0,1,0,11,0,27,0,1,0,0,0,3,0,0,4,2,0,1,4,1,1,0,1,1,0,0,9,0,0,0,39,3,7,0,0,0,23
2021-07,259,64,320,3,6,0,296,53,446,6,108,18,17,1,1,0,1,1,0,0,7,22,21,1,0,0,1,2,0,0,0,4,6,2,0,5,2,8,0,19,1,0,6,0,0,0,6,0,0,1,4,0,0,90,0,0,1,0,0,44,1,0,2,2,0,4,7,0,0,0,0,2,1,0,0,0,124,0,1,1,0,0,1,0,11,0,15,0,5,0,0,0,1,0,0,10,3,0,0,1,1,2,0,1,0,0,3,3,0,1,0,23,1,7,0,2,0,24
2021-08,213,85,309,0,5,0,264,51,397,4,116,21,10,7,0,0,6,1,1,0,7,16,14,0,0,0,1,4,0,0,0,4,6,5,3,2,1,4,1,7,0,0,10,0,0,0,8,0,3,0,2,0,0,67,0,0,2,0,0,43,2,0,0,11,2,7,5,0,0,6,1,1,2,0,1,1,109,1,0,0,0,0,2,0,8,0,17,0,4,0,0,2,1,0,0,7,4,0,4,0,0,1,0,0,0,0,2,6,2,2,0,22,5,10,0,0,0,21
2021-09,233,73,262,1,10,0,250,48,380,6,96,8,9,2,0,0,1,0,0,1,3,24,27,0,0,0,1,4,0,0,0,1,3,1,3,4,1,4,3,6,0,0,9,0,0,0,7,0,2,0,1,0,0,70,2,0,1,0,0,45,1,0,1,3,0,3,8,0,0,2,0,1,1,0,1,0,123,0,1,1,0,1,1,0,6,0,27,0,4,0,0,0,0,0,0,8,1,0,4,1,0,2,0,0,0,1,0,6,0,5,0,28,1,10,0,0,0,12
2021-10,143,44,230,0,4,0,204,35,311,9,60,12,6,2,1,0,3,0,1,0,1,11,10,0,0,0,0,3,2,0,0,2,8,1,3,3,2,2,1,6,1,0,5,0,0,0,6,1,0,0,3,0,0,57,1,0,0,0,1,21,0,0,3,2,0,6,4,0,0,0,0,0,2,0,0,0,98,0,0,2,0,0,1,0,5,0,13,0,2,1,0,1,0,0,0,10,0,0,4,0,0,2,0,0,0,2,0,4,2,2,0,15,4,8,0,0,0,16
2021-11,199,58,236,4,8,0,266,38,374,1,76,27,14,4,4,1,2,1,1,0,5,12,19,0,0,1,0,7,1,0,0,5,5,4,2,2,0,4,2,12,0,0,9,0,0,0,19,0,2,0,6,0,0,72,2,0,2,0,0,36,0,0,1,0,0,8,0,1,0,2,0,2,2,0,0,1,107,0,0,3,0,0,4,0,9,0,17,0,3,0,0,0,3,0,0,13,0,0,5,2,1,0,2,0,0,1,1,5,1,1,0,32,0,8,0,0,0,33
2021-12,240,82,296,2,8,0,300,32,379,0,104,15,7,5,0,2,3,1,2,0,11,12,31,0,0,0,1,7,2,0,0,5,6,2,1,6,1,4,2,8,0,0,16,0,0,0,17,0,0,0,6,0,0,81,0,0,2,0,0,33,2,0,3,4,0,10,5,0,0,3,0,0,3,0,0,0,140,0,1,1,0,0,0,0,11,0,17,0,2,0,0,0,1,0,0,10,1,0,2,3,0,1,0,0,0,0,2,7,2,0,0,30,6,8,0,0,0,22
2022-01,427,86,292,7,14,0,387,35,320,4,86,5,8,4,1,1,2,0,1,0,3,20,13,0,0,0,0,6,2,0,0,1,7,4,1,4,2,2,6,2,0,0,13,0,0,0,8,0,2,0,2,0,0,83,0,0,1,0,0,48,2,0,2,2,1,7,5,0,0,2,0,0,1,1,2,0,130,0,0,1,0,0,0,0,4,0,13,0,4,0,0,2,1,0,0,7,1,0,1,2,0,2,2,1,2,0,1,2,3,2,0,59,2,13,0,0,0,28
2022-02,150,59,204,1,4,0,197,36,283,1,75,11,10,3,0,0,0,1,0,0,3,13,20,0,0,1,0,1,0,0,0,1,5,2,3,4,1,4,4,8,0,0,6,0,0,1,8,1,1,0,4,0,0,49,1,0,1,0,0,19,3,0,1,3,0,2,3,0,0,1,0,0,0,0,0,2,78,0,0,1,0,0,2,0,4,0,12,0,0,0,0,0,0,0,0,2,1,0,1,0,0,0,1,1,0,0,0,2,2,1,0,19,0,4,0,0,0,7
2022-03,213,57,246,3,6,0,234,32,310,3,89,6,5,3,2,0,7,0,0,2,5,8,28,0,0,0,1,3,0,0,0,0,7,1,0,7,1,3,1,7,1,0,6,0,0,1,6,0,2,0,2,0,0,75,1,0,4,0,0,38,1,0,0,2,0,6,6,0,0,0,0,0,2,2,1,2,117,0,0,1,0,0,0,1,5,0,16,0,0,0,0,0,0,0,0,10,0,0,1,1,0,0,0,1,0,0,0,6,2,1,0,25,4,3,0,1,0,9
2022-04,155,50,204,1,4,0,214,31,265,4,60,9,9,4,1,2,2,0,2,1,3,14,22,0,0,0,1,3,2,0,0,0,4,1,3,1,0,3,3,8,3,0,5,0,0,0,5,0,1,0,3,0,0,65,0,0,3,0,0,28,2,0,1,3,2,5,2,0,0,1,0,0,2,0,1,0,81,0,0,0,0,0,0,0,4,0,14,0,3,0,0,0,0,0,0,5,0,0,2,5,0,1,2,0,0,0,1,5,2,2,0,17,1,5,0,0,0,15
2022-05,164,67,222,1,4,0,220,42,283,1,84,12,8,1,0,0,0,0,0,0,3,7,25,0,0,0,0,3,1,0,0,0,2,1,3,5,1,3,4,7,0,0,5,0,0,0,7,0,1,0,1,0,0,70,0,0,2,0,0,32,1,0,1,6,0,6,8,0,0,1,0,0,1,1,0,0,82,0,0,0,0,0,1,0,10,0,14,0,2,0,0,0,0,0,0,5,0,0,1,3,0,1,0,0,1,1,0,7,1,1,0,26,4,2,0,0,0,13
2022-06,241,65,289,1,5,0,313,60,367,1,96,17,11,4,3,1,0,3,1,0,5,10,26,0,1,0,1,2,3,0,0,1,7,0,4,2,4,9,2,11,2,0,9,0,0,0,12,1,1,0,2,0,0,76,1,0,0,0,0,35,0,0,2,7,0,6,4,0,0,1,0,2,1,0,0,1,94,0,0,0,0,1,1,0,6,0,14,0,3,2,0,0,2,0,0,10,0,1,0,0,0,0,1,0,0,0,3,4,1,2,0,30,2,3,0,0,0,25
2022-07,232,67,232,1,5,0,228,36,302,3,79,11,10,3,0,0,3,1,2,0,3,10,32,0,0,1,0,1,3,0,0,1,5,4,2,5,0,3,2,8,0,0,8,0,0,0,9,1,1,0,1,0,0,70,0,0,2,0,0,39,2,0,1,3,0,4,10,0,0,1,0,1,3,0,0,0,89,0,0,1,0,0,0,0,6,0,16,0,1,0,0,0,0,0,1,7,1,0,1,4,0,0,0,0,0,0,0,0,1,2,0,35,0,4,0,0,0,13
2022-08,212,46,247,2,7,0,223,34,327,4,71,2,4,3,0,0,1,1,0,0,4,16,19,0,0,0,0,3,3,0,0,2,4,2,1,1,0,3,1,10,1,0,13,0,0,1,10,0,2,0,2,0,0,75,1,0,4,0,0,19,1,0,1,2,0,7,4,0,0,0,0,1,0,0,0,0,100,0,0,1,0,0,0,0,10,0,12,0,1,0,0,0,2,0,0,8,0,1,2,2,0,0,0,0,1,0,1,5,2,2,0,25,1,5,0,0,0,20
2022-09,247,69,313,1,4,0,268,44,370,0,97,11,12,0,0,1,1,0,1,0,5,13,22,0,0,0,1,5,1,0,0,2,2,1,3,2,0,5,2,15,3,0,10,0,0,0,3,1,1,0,4,0,0,103,0,0,0,0,0,29,0,0,1,3,1,9,4,0,0,0,0,0,7,0,0,0,101,0,1,0,0,1,0,0,6,0,22,0,4,0,0,0,1,0,0,9,2,0,3,2,0,1,0,0,1,0,0,7,3,2,0,33,4,4,0,0,0,15
2022-10,260,68,264,0,8,0,269,47,339,3,94,9,10,2,2,0,2,0,0,1,3,12,27,0,0,0,0,3,2,0,0,2,6,2,7,1,0,3,6,13,0,0,9,0,0,0,11,1,1,0,3,0,0,71,0,1,1,0,0,45,1,0,0,7,0,7,5,0,0,3,0,0,2,0,1,1,89,0,2,0,0,1,0,0,11,0,20,0,2,1,0,0,2,1,0,7,1,0,3,1,0,0,0,0,0,0,1,4,1,3,0,31,2,7,0,0,1,20
2022-11,274,63,301,1,6,0,333,63,388,5,115,22,18,3,1,0,2,2,0,1,7,14,20,0,0,0,1,6,0,0,0,2,5,5,1,3,1,1,1,11,0,0,3,0,0,0,9,0,3,0,4,0,0,110,1,0,0,0,0,36,0,0,1,4,1,5,8,1,0,2,0,1,7,0,0,0,100,0,0,1,0,0,2,0,6,0,19,0,0,0,0,0,1,0,0,8,0,0,2,3,0,0,0,0,0,0,2,11,0,3,0,31,3,9,0,0,0,16
2022-12,354,92,363,3,7,0,423,68,435,5,151,13,11,4,2,1,4,0,2,1,9,17,33,1,0,0,1,5,1,0,0,3,7,3,4,6,0,8,3,14,2,0,18,0,0,0,15,0,3,0,4,0,0,129,2,2,1,0,0,41,0,0,1,5,0,14,11,1,0,0,0,0,5,1,0,1,177,1,0,1,0,0,0,0,12,0,18,0,3,0,0,0,1,0,0,15,3,0,0,0,0,0,0,1,0,1,1,10,3,1,0,60,5,11,0,0,0,27
2023-01,562,115,397,6,13,0,599,66,454,7,134,8,12,9,1,1,3,0,1,1,3,24,22,0,0,0,0,7,3,0,0,4,5,1,3,4,1,4,4,8,4,0,14,0,0,1,14,1,3,0,4,0,0,111,1,0,1,0,0,60,0,0,1,10,3,6,6,1,0,2,0,0,0,0,0,0,161,0,0,0,0,0,1,0,12,0,17,0,4,1,0,0,0,0,0,12,2,0,2,0,0,0,0,1,3,2,2,2,2,3,0,67,2,11,0,1,0,52
2023-02,232,57,254,2,8,0,301,52,269,3,129,12,17,4,0,0,2,0,0,1,4,12,17,0,0,0,0,0,1,0,0,1,4,3,2,6,1,6,4,10,3,0,14,0,0,0,6,0,2,0,3,0,0,56,0,0,1,0,0,36,1,0,2,1,0,12,5,1,0,2,0,2,1,1,0,0,103,0,0,0,0,0,0,0,4,0,17,0,2,0,0,0,0,0,1,13,2,0,0,1,0,0,1,0,0,0,2,8,0,0,0,22,1,4,0,0,0,13
2023-03,273,77,296,4,6,0,309,45,378,9,98,15,12,3,0,0,2,1,1,0,6,8,35,0,0,0,1,6,1,0,0,4,4,3,4,5,2,2,0,8,1,0,9,0,0,1,8,0,4,0,1,0,0,94,0,0,2,0,0,31,4,0,2,7,0,4,10,0,1,1,0,2,3,2,1,1,113,0,0,1,0,0,0,0,6,0,16,0,1,0,0,0,2,0,0,14,1,0,2,4,1,1,1,1,0,0,1,1,0,2,0,34,0,7,0,0,0,23
2023-04,224,63,262,0,9,0,273,39,306,7,86,10,11,8,0,1,2,1,1,0,2,15,18,0,0,0,1,2,1,0,0,1,3,1,2,6,1,4,1,14,0,0,9,0,0,2,6,0,0,0,4,0,0,86,0,0,1,0,0,32,3,0,0,5,0,11,1,1,0,1,0,0,1,0,0,0,115,0,0,3,0,0,0,0,7,0,12,0,0,0,0,0,1,0,0,10,1,0,2,2,1,1,0,0,0,1,1,3,3,0,0,27,2,7,0,0,0,24
2023-05,228,82,283,0,5,0,270,63,348,3,106,9,9,6,3,0,0,1,2,0,6,12,20,0,0,0,0,3,3,0,0,4,2,2,8,2,0,4,0,9,0,0,4,0,0,0,7,0,2,0,4,0,0,101,1,0,4,0,0,41,0,0,0,4,0,7,3,0,0,2,0,0,0,0,0,0,88,0,0,0,0,0,0,0,12,0,19,0,3,0,0,0,0,0,0,8,2,0,1,0,0,1,0,1,0,0,1,5,3,2,0,22,2,4,0,0,0,27
2023-06,256,75,356,1,3,0,357,61,426,4,112,10,11,4,1,0,0,0,0,0,2,21,33,1,0,0,0,4,1,0,0,0,7,4,1,4,0,6,0,20,1,0,9,0,0,0,13,0,1,0,4,0,0,87,1,0,4,0,0,39,1,0,0,5,1,5,8,0,0,1,0,1,1,1,0,2,112,0,0,1,0,0,1,0,3,1,30,0,2,0,0,0,0,0,0,9,4,0,2,1,0,1,0,0,0,2,2,3,2,0,0,42,2,8,0,0,0,21
2023-07,277,83,307,3,4,0,311,44,358,6,87,14,7,4,1,0,3,1,1,2,2,21,27,2,1,1,1,5,1,0,0,2,7,3,2,4,0,1,2,12,0,0,6,0,0,0,15,0,2,0,4,0,0,104,0,0,1,1,1,31,2,0,2,9,1,9,6,0,1,2,0,3,5,0,1,0,88,0,0,3,0,0,0,0,10,0,19,0,2,0,0,0,0,0,0,11,1,0,1,0,0,1,0,0,2,1,1,6,2,1,0,28,3,3,0,0,0,22
2023-08,258,76,273,0,8,0,329,51,347,3,100,11,4,8,0,0,4,0,1,0,7,13,14,2,0,0,1,2,2,0,0,0,2,2,2,4,0,6,4,14,0,0,3,0,0,0,6,0,3,0,1,0,0,67,1,0,5,0,0,38,2,0,0,3,0,10,8,1,0,2,0,1,2,0,0,0,94,0,0,3,0,0,0,0,8,0,17,0,2,0,0,1,0,0,0,5,1,1,1,0,0,0,0,1,1,1,3,3,2,3,0,32,1,6,0,0,0,35
2023-09,350,98,357,3,4,0,350,61,430,9,116,15,16,5,1,0,0,0,0,0,4,16,27,0,0,0,2,3,0,0,0,1,6,1,3,5,1,7,0,9,2,0,8,0,0,0,11,0,1,0,3,0,0,116,1,1,2,0,0,33,1,0,1,7,1,7,4,0,0,0,0,3,1,2,1,0,109,0,0,3,2,0,1,0,9,0,21,0,7,0,0,0,0,0,0,11,3,0,3,2,0,0,1,0,0,0,3,2,1,2,0,51,1,8,0,1,0,30
2023-10,277,76,312,2,9,0,365,57,372,6,127,16,18,5,1,0,1,1,1,0,8,11,19,0,0,0,1,5,2,0,0,3,5,3,6,7,0,6,0,18,2,0,11,0,0,1,9,1,1,0,4,0,0,96,1,0,3,0,0,32,0,0,0,4,2,12,7,1,0,0,0,2,1,2,0,0,133,0,0,2,0,0,0,0,10,0,14,0,2,1,0,0,0,0,0,5,2,0,2,2,0,2,1,1,0,0,2,2,3,3,0,33,3,7,0,0,0,26
2023-11,299,83,306,6,2,0,317,64,343,6,117,14,16,2,1,0,4,1,2,2,8,12,17,1,0,0,0,5,1,0,0,2,1,0,2,6,1,9,4,17,2,0,10,0,0,0,5,0,2,0,5,0,0,91,1,0,2,0,0,30,0,0,3,4,0,6,8,0,0,2,0,1,6,2,1,0,113,0,0,0,0,2,0,1,2,0,17,0,2,0,0,1,0,0,0,12,3,0,2,1,0,0,1,0,1,1,0,11,0,1,0,39,3,12,0,0,1,36
2023-12,466,108,425,5,10,0,552,93,521,11,170,13,18,7,2,0,2,2,0,0,7,14,50,0,0,0,1,5,4,0,0,4,7,3,9,3,3,7,2,21,3,0,16,0,0,0,11,0,2,0,3,0,0,128,2,0,2,0,0,50,1,0,0,6,0,20,9,1,0,4,0,7,2,4,0,0,170,0,0,0,0,1,0,0,11,0,23,0,3,1,0,0,1,0,0,6,3,1,1,2,0,0,0,0,0,1,1,5,2,6,0,42,2,17,0,0,0,60
2024-01,1005,219,680,17,34,0,1158,129,627,25,226,8,13,25,2,0,4,2,2,2,7,30,37,0,0,0,2,5,2,0,0,2,8,7,10,9,2,8,5,27,5,0,21,0,0,1,11,0,8,0,6,0,0,188,2,0,7,0,0,81,6,0,3,6,5,15,12,1,2,2,0,1,1,10,1,0,235,0,0,2,0,0,1,0,12,0,29,0,6,0,0,1,0,0,0,35,5,1,2,6,0,3,2,0,1,0,1,0,0,2,0,87,0,12,0,0,0,132
2024-02,294,92,328,6,5,0,371,73,365,3,127,17,8,6,0,0,1,1,0,1,4,15,27,0,0,0,0,5,1,0,0,3,3,3,2,2,1,8,1,13,1,0,11,0,0,1,7,1,2,0,3,0,0,116,0,0,3,0,0,35,2,0,1,7,0,12,6,1,0,3,0,0,3,1,0,0,93,0,0,1,0,0,0,0,5,1,10,0,2,0,0,0,0,0,0,7,0,0,0,3,0,0,1,0,0,0,1,6,0,2,0,23,4,5,0,0,0,29
2024-03,364,76,376,2,10,0,434,62,442,1,123,12,9,8,0,0,4,1,2,2,2,14,31,2,0,0,1,9,4,0,0,0,0,1,3,8,2,7,2,28,3,0,13,0,0,1,9,0,0,0,1,0,0,114,2,0,4,0,1,34,0,1,0,5,0,22,12,0,0,0,0,4,2,2,1,1,129,0,0,1,0,0,0,0,9,0,26,0,2,1,0,2,0,0,0,12,1,0,1,3,0,0,0,0,1,0,2,5,0,4,0,37,5,4,0,0,0,46
2024-04,332,98,358,1,6,0,397,67,404,3,137,21,15,7,1,0,1,1,2,0,4,13,23,0,0,0,1,4,1,0,0,0,3,4,6,10,3,9,2,12,7,0,7,0,0,0,10,0,2,1,3,0,0,105,3,0,0,1,0,33,0,0,1,8,0,13,10,0,0,0,1,1,4,2,1,1,105,1,0,4,0,0,0,0,10,0,6,0,2,0,0,0,0,0,0,9,0,0,2,2,1,0,1,0,0,1,2,6,1,0,0,35,2,6,0,0,0,48
2024-05,295,82,315,6,6,0,341,66,386,4,107,13,7,9,1,0,3,0,1,0,3,15,19,0,0,1,0,1,1,0,0,2,5,2,4,5,1,8,1,24,1,0,7,0,0,0,13,1,1,0,1,0,0,132,0,0,0,0,0,41,0,0,1,4,2,22,7,1,1,0,0,1,2,1,0,0,129,1,0,0,0,0,1,0,2,0,18,0,2,0,0,0,0,0,0,6,1,0,3,2,0,0,0,0,0,0,1,3,2,2,0,17,1,6,0,0,0,58
2024-06,334,83,383,5,9,0,494,90,421,6,144,22,14,6,0,0,2,0,2,1,5,13,31,2,0,0,0,2,2,0,0,3,6,3,2,5,0,2,1,21,7,0,13,0,1,0,11,0,0,0,4,0,0,94,2,0,3,1,0,48,0,0,3,4,0,23,14,0,1,1,0,1,2,0,1,0,146,0,0,2,0,0,0,0,9,0,19,0,0,0,0,0,0,0,0,21,1,1,2,1,0,1,0,1,1,1,0,3,2,0,0,30,1,5,0,0,0,98
2024-07,272,76,302,4,7,0,381,72,337,9,128,11,14,7,4,0,3,2,2,1,7,13,27,1,0,0,0,6,1,0,0,3,5,2,2,5,1,3,1,9,6,0,18,0,0,0,13,0,4,0,1,0,0,94,2,0,2,0,0,25,0,0,1,4,0,11,5,1,0,0,0,0,2,1,0,0,110,0,0,0,0,0,0,0,5,0,11,0,2,0,0,0,1,1,0,12,0,0,1,4,0,0,0,0,0,1,3,3,0,1,0,21,4,9,0,1,0,77
2024-08,247,75,297,1,13,0,388,50,294,3,111,3,6,5,1,1,1,0,0,2,1,11,22,0,0,0,1,6,1,0,0,1,2,1,0,2,1,2,3,11,1,0,8,0,0,1,5,0,1,1,5,0,0,96,0,0,1,1,0,22,0,0,1,4,0,12,6,0,0,0,0,0,0,2,0,0,114,0,1,0,0,0,1,0,2,0,9,0,1,0,0,0,0,0,0,8,1,1,1,0,0,2,0,1,0,0,1,1,2,1,0,15,2,4,0,0,0,67
2024-09,288,89,317,3,4,0,484,78,294,9,140,14,12,7,0,0,2,1,1,1,4,8,17,1,0,0,0,5,3,0,0,1,4,0,0,4,0,10,2,6,3,0,6,0,0,1,9,0,2,0,0,0,0,73,1,0,1,1,1,34,4,0,0,4,1,24,11,0,0,0,0,1,3,0,0,1,133,0,0,1,0,1,0,0,5,0,10,0,2,0,0,0,0,0,0,9,2,0,2,1,0,1,0,0,0,1,1,1,1,1,0,19,5,7,0,0,0,82
2024-10,257,100,326,4,8,0,490,83,277,3,116,19,10,7,2,0,1,1,1,0,2,11,16,1,0,0,0,4,1,0,0,2,3,1,1,3,0,9,1,13,1,0,11,0,0,0,8,0,3,0,1,0,0,78,2,1,1,1,0,26,2,0,0,4,0,25,15,1,0,1,0,2,3,0,0,1,117,0,0,0,0,0,0,0,3,0,18,0,4,0,0,1,1,0,0,17,0,2,1,0,0,0,0,0,1,0,3,3,3,3,0,20,3,7,0,0,0,96
2024-11,225,91,316,1,4,0,463,71,226,9,127,11,12,2,0,1,1,0,1,1,7,13,18,1,0,0,0,1,2,0,0,2,5,3,2,6,0,11,2,14,2,0,11,0,0,0,8,1,5,0,3,0,0,79,4,0,4,0,0,24,0,0,1,6,1,20,10,0,0,4,0,0,2,2,0,1,146,0,0,3,0,1,2,0,4,0,11,0,3,0,0,2,2,0,0,11,2,0,2,3,0,1,1,0,0,2,0,1,1,2,0,12,5,8,0,0,0,65
2024-12,621,217,565,5,20,0,972,143,418,12,254,21,15,11,4,1,2,0,1,1,9,27,36,1,0,0,0,7,2,0,0,5,11,3,7,3,3,21,4,19,2,0,12,0,0,1,21,0,4,0,7,0,0,152,0,0,0,1,0,53,1,0,2,5,1,44,29,0,0,3,0,0,2,2,0,0,246,0,1,0,0,0,1,0,8,0,26,0,3,0,0,1,1,0,1,13,4,2,1,2,0,4,0,1,2,1,4,7,3,3,0,43,7,9,0,0,0,132
2025-01,910,184,487,15,28,0,1072,169,361,13,205,17,14,10,1,0,0,2,1,0,1,11,17,1,0,0,1,9,1,0,0,3,5,2,3,7,1,13,3,12,5,0,11,0,0,2,15,0,8,0,1,0,0,124,0,0,2,0,0,42,1,0,3,4,1,36,20,0,0,3,0,1,1,4,3,0,220,0,1,0,0,1,0,1,5,0,17,0,2,0,0,1,0,0,0,22,7,2,2,4,0,0,0,0,0,0,3,2,2,1,0,77,5,20,0,0,0,136
2025-02,323,133,332,3,9,0,537,81,185,2,115,11,14,8,2,2,1,1,1,1,5,12,11,0,0,1,3,1,2,0,0,1,2,2,1,3,1,7,1,8,5,0,12,0,0,0,9,0,1,0,4,0,0,94,0,0,1,0,0,12,0,0,2,3,0,29,17,0,0,0,0,0,2,0,0,1,146,0,1,0,0,0,2,1,5,0,15,0,3,0,0,0,0,0,0,7,2,1,0,2,0,0,0,1,0,0,1,0,1,0,0,19,1,7,0,0,0,83
2025-03,289,126,393,7,5,0,611,96,231,7,133,11,17,9,0,0,1,1,0,1,4,9,17,2,0,0,1,2,3,0,0,0,1,4,2,4,1,7,2,16,1,0,10,0,0,0,11,0,4,1,4,0,0,109,2,0,2,1,0,23,1,0,2,3,1,23,17,1,0,2,0,0,1,0,1,1,180,0,1,2,0,0,0,0,9,0,12,0,2,0,0,2,0,0,0,6,2,1,2,2,0,0,0,0,0,0,2,1,2,3,0,12,2,5,0,0,0,108
2025-04,338,143,344,9,8,0,588,117,217,5,123,13,11,16,1,1,3,0,2,1,4,12,12,0,0,1,0,3,3,0,0,1,3,3,4,3,0,6,1,14,3,0,5,0,0,1,11,0,1,0,3,0,0,105,0,0,1,2,0,32,1,0,1,4,1,15,12,0,0,0,0,0,2,0,2,1,166,0,1,0,0,1,1,0,4,0,12,0,3,0,0,0,0,0,0,10,0,1,1,3,0,2,1,1,3,0,1,4,2,1,0,19,2,9,0,0,0,127
2025-05,310,94,291,5,8,0,467,102,188,8,128,12,6,12,0,2,2,0,0,0,5,9,19,0,0,1,0,2,1,0,0,0,0,0,6,4,1,10,2,12,6,0,7,0,0,0,18,0,3,0,2,0,0,109,0,0,0,0,0,34,0,0,0,5,0,18,17,0,0,1,0,2,3,3,0,0,117,0,0,0,0,0,0,0,6,0,9,0,1,0,0,0,1,0,0,8,1,1,2,3,0,0,0,0,1,0,2,2,0,0,0,16,1,3,0,0,0,126
2025-06,373,112,406,1,11,0,584,119,307,6,159,16,21,7,0,1,3,1,4,2,4,16,18,0,0,0,2,2,1,0,0,1,5,2,1,2,1,9,4,22,1,0,9,0,0,2,11,0,5,0,4,0,0,135,2,0,1,1,0,29,1,0,1,7,2,27,16,0,0,2,0,5,2,1,0,0,169,0,1,1,0,1,0,1,10,0,15,0,1,0,0,1,1,1,0,7,2,1,1,5,0,2,0,0,1,0,2,3,2,1,0,24,1,13,0,0,0,108
