,War_Conflict_US,War_Conflict_GB,War_Conflict_CA,War_Conflict_AU,War_Conflict_UA,War_Conflict_RU,War_Conflict_FR,War_Conflict_DE,War_Conflict_BR,War_Conflict_CN,War_Conflict_JP,War_Conflict_PK,War_Conflict_KP,War_Conflict_KR,War_Conflict_IN,War_Conflict_TW,War_Conflict_NL,War_Conflict_ES,War_Conflict_SE,War_Conflict_MX,War_Conflict_IR,War_Conflict_IL,War_Conflict_SA,War_Conflict_SY,War_Conflict_FI,War_Conflict_IE,War_Conflict_AT,War_Conflict_NO,War_Conflict_CH,War_Conflict_IT,War_Conflict_MY,War_Conflict_EG,War_Conflict_TR,War_Conflict_PT,War_Conflict_PS,War_Conflict_AE
2011-07,1,2,1,2,0,1,4,0,3,0,3,9,0,1,4,2,2,1,0,0,1,0,0,0,0,1,1,20,0,2,0,1,1,3,0,0
2011-08,1,2,3,1,0,1,5,6,0,1,6,7,5,1,3,1,4,4,3,0,0,3,1,1,4,0,0,5,2,3,1,7,0,1,2,5
2011-09,2,1,7,2,0,1,2,5,0,0,4,13,2,1,2,1,2,2,0,0,1,1,4,1,0,5,2,1,3,3,1,4,1,2,1,9
2011-10,3,1,3,5,0,0,3,5,1,2,1,6,1,2,5,2,1,6,1,0,5,0,5,0,0,2,2,5,2,6,0,2,4,2,4,5
2011-11,3,1,2,5,0,3,2,0,1,0,1,12,1,0,4,0,2,2,4,0,6,3,0,0,3,0,2,2,2,2,4,5,2,4,0,5
2011-12,4,4,2,3,0,0,5,5,2,1,2,5,2,6,3,2,3,7,6,0,12,6,2,0,2,5,0,2,3,6,0,5,1,0,5,8
2012-01,3,2,3,3,0,3,5,3,0,5,11,4,1,0,1,2,1,7,2,0,20,7,4,1,1,4,1,1,3,5,0,5,2,1,1,5
2012-02,4,1,8,4,0,1,3,4,0,2,2,8,1,2,3,1,0,3,1,0,8,2,2,2,1,3,2,1,2,4,1,1,3,3,0,11
2012-03,4,1,5,2,0,0,3,3,1,2,0,4,4,2,2,1,1,6,1,0,13,4,1,2,0,5,1,1,0,1,0,7,2,8,2,2
2012-04,0,1,3,5,1,2,6,5,0,1,2,4,1,2,3,0,2,5,2,0,2,0,3,0,0,1,0,4,3,2,0,4,2,2,1,5
2012-05,6,3,2,2,0,2,3,2,0,2,4,2,1,1,0,0,3,8,2,0,1,4,2,0,3,3,1,5,2,5,6,3,0,3,4,5
2012-06,2,0,5,5,1,1,4,2,0,1,8,13,1,1,5,1,4,1,3,0,1,8,2,7,1,3,1,3,2,2,1,9,8,3,2,9
2012-07,5,2,2,2,0,2,4,3,1,1,2,2,1,0,3,0,2,4,7,0,7,2,2,6,1,0,1,4,5,4,0,6,1,0,3,7
2012-08,2,0,8,5,0,0,2,2,1,0,3,3,1,2,4,2,4,5,6,0,3,3,0,4,3,5,1,5,4,2,2,3,3,0,8,5
2012-09,4,3,8,2,0,1,8,2,2,0,23,4,4,3,2,3,2,6,3,0,13,11,8,4,2,2,1,0,4,4,0,7,4,0,1,14
2012-10,6,4,8,1,0,1,3,5,3,1,5,8,2,3,2,0,4,10,3,0,5,4,8,5,0,0,0,5,3,5,0,3,9,3,2,9
2012-11,4,5,11,1,0,2,6,0,4,3,5,7,3,0,1,0,3,6,3,0,8,19,0,6,4,4,4,2,3,2,1,11,8,4,12,11
2012-12,5,1,7,5,0,0,7,7,1,3,6,7,3,3,1,1,3,2,5,0,7,5,3,12,1,5,2,2,2,5,3,2,7,1,3,4
2013-01,3,3,5,3,0,3,15,4,0,1,9,8,4,6,2,0,5,5,0,0,2,6,3,4,2,2,3,0,4,1,0,4,1,0,0,5
2013-02,5,2,3,0,1,1,5,4,1,5,4,6,12,11,1,2,1,1,0,0,2,0,1,3,0,0,1,4,1,3,2,2,2,1,4,5
2013-03,8,7,9,4,0,1,9,3,4,6,7,12,67,62,6,2,2,6,4,0,9,8,5,9,1,7,2,5,5,4,0,3,3,1,3,11
2013-04,5,5,3,4,0,1,1,4,3,8,10,6,36,24,1,1,1,1,3,0,5,4,2,8,2,4,1,4,4,4,1,3,1,1,2,5
2013-05,1,2,2,5,0,1,6,5,3,3,9,9,3,4,0,0,2,4,2,0,3,5,3,13,4,3,3,1,1,4,1,3,6,2,5,7
2013-06,7,4,5,3,0,2,4,14,5,3,2,6,1,4,3,0,0,8,0,0,3,6,5,15,3,11,0,0,3,4,2,13,15,3,3,3
2013-07,4,3,8,3,0,1,5,6,3,3,6,4,9,3,3,0,1,5,1,0,0,1,2,8,2,4,4,3,3,2,0,35,1,3,3,5
2013-08,8,4,9,4,0,1,4,5,3,5,12,10,6,1,5,1,1,5,3,0,2,5,4,76,4,2,1,1,1,3,0,27,5,0,3,12
2013-09,12,6,4,1,0,3,5,8,6,4,6,7,3,1,4,2,5,6,3,0,8,10,11,100,0,3,1,2,5,4,0,8,6,2,3,11
2013-10,2,6,11,4,0,0,10,2,3,1,3,8,1,0,2,0,5,4,1,0,2,1,3,8,1,1,3,2,1,10,1,3,2,0,2,1
2013-11,4,5,7,2,0,1,7,7,2,3,8,5,9,1,2,0,1,6,5,0,5,6,5,4,1,1,1,6,1,7,2,4,1,3,2,6
2013-12,4,2,6,0,1,2,5,2,3,3,13,5,9,7,3,1,1,5,1,0,2,4,4,9,2,3,3,4,0,4,0,5,4,0,0,6
2014-01,2,4,10,2,0,1,6,4,1,6,13,3,2,4,0,1,1,5,3,0,6,7,2,11,0,2,2,4,4,2,1,2,2,2,2,6
2014-02,5,3,7,7,3,3,3,4,7,4,13,5,7,9,5,4,2,1,3,0,5,2,3,5,2,3,1,2,3,2,1,6,0,3,3,3
2014-03,10,5,9,5,16,13,7,5,4,8,9,3,2,4,6,2,2,3,4,0,3,1,1,11,5,3,4,4,1,3,13,5,11,2,10,4
2014-04,5,2,5,5,1,4,4,3,6,1,6,11,4,5,1,1,3,3,6,0,1,2,1,14,3,1,1,0,3,2,2,2,7,1,3,5
2014-05,8,3,5,2,2,2,9,3,3,1,4,4,3,1,3,0,1,6,4,0,3,4,1,7,3,4,5,1,3,3,1,8,3,2,7,3
2014-06,7,4,3,3,1,4,7,7,2,4,6,3,5,1,7,0,6,4,4,0,7,6,6,11,5,6,3,5,0,1,0,6,4,1,2,17
2014-07,7,9,5,8,2,6,7,11,3,1,5,2,2,1,4,0,10,1,2,0,1,24,1,6,3,4,3,3,1,0,21,11,4,1,22,18
2014-08,8,7,20,3,2,3,11,8,5,3,8,10,1,5,6,0,4,4,5,0,2,23,11,17,7,6,3,7,1,5,2,11,6,1,24,15
2014-09,10,4,14,7,1,3,15,10,1,6,7,7,1,4,5,2,8,3,4,0,0,4,10,24,0,8,6,4,2,7,2,9,3,2,7,11
2014-10,11,2,23,7,0,2,6,5,4,2,4,6,4,5,7,1,5,6,10,0,2,3,7,12,7,3,0,4,1,6,0,7,10,2,3,9
2014-11,12,7,11,2,2,4,7,7,2,5,6,3,5,2,0,0,5,7,2,0,1,2,1,8,5,2,2,5,3,3,1,7,2,1,10,6
2014-12,8,6,3,2,0,2,4,10,2,2,5,7,17,6,3,0,1,6,3,0,4,3,7,5,1,3,3,2,1,3,2,7,3,1,3,2
2015-01,7,4,9,4,2,3,22,7,4,1,5,7,5,1,5,1,4,6,4,0,6,7,12,3,0,7,1,5,1,2,2,8,3,2,4,7
2015-02,7,5,2,5,0,3,7,11,1,3,6,7,0,6,2,3,4,5,10,0,4,7,6,7,4,5,3,3,5,2,1,9,3,1,8,9
2015-03,10,7,9,4,2,5,3,8,4,3,6,10,5,5,3,3,3,2,4,0,20,13,12,11,5,2,3,5,1,1,0,10,3,4,9,17
2015-04,10,5,14,3,1,3,8,8,6,4,14,8,4,3,3,3,4,4,2,0,12,10,9,4,4,2,3,3,3,6,2,8,5,3,2,4
2015-05,4,4,8,7,0,5,8,8,3,9,5,5,4,6,6,2,6,2,4,0,3,3,13,8,2,3,2,5,1,4,1,8,7,1,7,6
2015-06,10,5,7,4,1,4,9,8,4,5,5,4,2,6,3,0,4,4,10,0,10,14,6,10,2,5,4,1,5,2,2,5,5,2,13,8
2015-07,11,8,12,10,0,3,5,8,5,4,5,3,4,5,6,2,3,2,6,0,7,4,4,5,3,10,4,2,3,8,1,7,12,4,6,3
2015-08,15,5,4,4,3,2,12,4,4,5,20,7,32,46,5,1,7,7,6,0,14,5,6,10,2,5,1,2,2,3,3,8,16,3,9,10
2015-09,8,4,5,5,0,4,9,14,4,6,8,5,8,6,4,3,5,5,9,0,9,4,11,28,5,4,9,6,2,6,2,8,6,1,2,5
2015-10,4,4,8,2,0,6,4,12,1,9,13,1,4,6,3,0,1,2,10,0,9,7,22,42,3,1,3,3,6,7,1,10,13,0,5,18
2015-11,12,12,8,6,0,8,68,13,4,5,16,3,2,4,2,4,32,10,7,0,6,3,12,48,1,6,0,6,4,8,0,13,53,2,10,18
2015-12,8,3,5,3,1,5,8,13,3,2,11,9,3,5,4,2,5,6,3,0,5,3,22,26,2,5,3,1,2,7,0,5,31,1,0,18
2016-01,5,7,4,5,1,4,8,14,7,4,9,8,11,14,7,2,2,4,8,0,12,7,21,13,6,3,0,3,6,4,0,7,8,4,5,12
2016-02,7,6,5,4,0,4,13,8,4,6,8,4,11,9,5,2,4,11,8,0,4,8,20,27,2,7,3,2,3,6,0,13,34,3,8,15
2016-03,9,7,7,6,1,2,10,5,4,7,14,3,20,9,3,1,3,5,7,0,5,9,9,19,3,4,5,4,2,4,2,4,10,0,12,11
2016-04,5,4,9,9,0,1,5,8,6,3,14,5,10,6,4,1,5,7,9,0,2,4,22,12,6,7,3,2,7,4,0,4,4,2,3,8
2016-05,6,5,4,3,1,5,14,10,3,4,20,5,1,9,5,3,4,5,7,0,4,1,15,11,3,6,1,3,4,8,1,9,9,0,6,9
2016-06,6,5,8,2,1,2,10,9,0,0,7,7,3,1,7,0,4,5,4,0,2,3,11,12,4,4,3,4,6,8,1,11,8,0,3,7
2016-07,8,12,9,5,0,2,20,10,3,5,9,1,13,7,0,1,8,8,1,0,3,4,12,11,6,6,2,0,1,5,2,5,23,1,6,8
2016-08,6,8,9,8,2,8,13,19,6,5,10,7,9,7,5,2,5,6,1,0,6,5,11,26,5,3,2,6,1,3,0,7,20,4,10,7
2016-09,4,8,2,1,0,7,10,12,6,4,13,15,10,12,11,1,8,2,6,0,6,0,18,32,1,6,3,7,7,7,3,8,11,1,6,16
2016-10,15,10,5,7,0,24,12,11,7,7,11,11,6,10,10,1,11,7,6,0,7,5,18,38,7,10,4,5,3,4,2,8,19,3,9,5
2016-11,14,9,10,4,0,5,11,12,5,5,5,3,6,6,3,2,5,1,6,0,7,4,8,21,3,4,4,4,3,5,1,11,7,3,5,7
2016-12,14,13,7,8,5,15,7,12,3,14,20,11,7,12,7,34,5,9,6,0,6,5,12,24,4,3,4,10,4,4,1,13,17,4,1,15
2017-01,14,9,11,2,0,10,11,13,3,21,13,6,7,10,10,8,6,6,4,0,7,6,19,13,2,11,6,10,5,9,1,14,8,3,8,16
2017-02,8,10,8,11,2,11,12,13,4,12,13,3,8,5,8,3,7,4,12,0,18,5,14,7,4,5,11,8,7,5,5,14,10,3,3,5
2017-03,10,4,11,9,4,5,12,18,4,8,15,5,26,16,4,4,9,7,14,0,5,5,13,16,5,8,8,8,4,9,3,13,9,3,5,6
2017-04,12,11,20,14,1,8,18,15,4,15,16,6,102,64,10,1,5,15,6,0,6,2,10,89,7,6,1,3,4,5,2,18,13,5,7,13
2017-05,9,8,14,6,2,7,15,13,6,6,8,3,35,20,7,1,12,5,5,0,8,5,21,7,5,10,8,5,2,3,3,10,9,7,9,7
2017-06,10,9,11,5,2,2,4,12,3,9,4,8,21,13,4,1,3,6,6,0,5,3,21,19,4,12,4,8,4,6,1,8,8,5,8,26
2017-07,5,7,9,10,1,5,9,14,3,6,19,7,45,30,10,0,2,2,4,0,4,4,14,7,5,8,6,2,5,7,0,15,5,4,3,8
2017-08,17,11,9,7,1,11,6,18,4,9,30,9,114,43,29,2,7,3,4,0,5,5,8,7,5,8,7,1,6,8,2,12,4,1,8,8
2017-09,13,11,10,5,1,8,8,10,7,11,22,11,83,41,7,2,5,5,7,0,4,3,16,12,5,5,6,3,4,2,2,7,13,7,4,3
2017-10,17,9,14,4,3,10,9,11,6,7,6,3,41,20,3,3,5,24,5,0,12,5,10,9,1,9,2,4,2,7,1,11,5,5,3,12
2017-11,8,9,11,10,3,6,8,10,3,4,16,5,38,20,10,1,7,5,3,0,14,4,67,8,2,2,8,5,1,5,5,18,11,2,3,14
2017-12,9,6,6,5,0,1,6,12,7,3,17,3,43,20,10,3,7,2,7,0,6,15,11,9,3,9,4,9,1,4,3,15,5,4,5,16
2018-01,10,6,5,7,1,9,14,12,6,4,8,9,32,23,4,2,6,7,13,0,7,5,10,11,6,4,6,13,5,10,0,16,11,4,8,5
2018-02,15,8,8,3,2,9,7,13,8,5,5,3,16,9,4,1,8,3,2,0,4,5,7,14,1,8,6,2,5,7,1,4,14,0,5,6
2018-03,11,15,15,11,1,17,16,14,5,19,14,7,30,19,3,5,6,9,13,0,16,3,14,26,3,9,6,3,8,7,0,17,16,4,9,13
2018-04,14,11,14,7,4,11,26,14,5,28,16,4,30,36,6,7,8,12,7,0,9,7,16,68,1,9,7,1,7,3,1,14,14,3,11,7
2018-05,6,4,13,4,1,6,16,11,6,14,14,4,18,23,4,1,4,2,14,0,29,19,16,16,3,3,4,2,8,5,1,8,4,2,9,16
2018-06,11,9,33,10,2,2,16,16,9,16,12,2,33,34,16,3,6,11,2,0,5,6,10,8,7,9,5,7,5,12,0,12,7,1,8,12
2018-07,20,11,15,6,2,18,12,19,5,27,12,4,25,9,4,2,6,8,4,0,9,1,7,6,6,5,4,2,3,9,4,16,10,4,6,10
2018-08,9,7,11,5,3,6,16,11,8,20,9,5,17,14,10,2,8,8,4,0,7,3,16,7,5,8,9,3,4,14,2,7,15,3,5,11
2018-09,10,8,16,15,1,6,16,12,12,13,10,5,12,8,10,2,7,5,1,0,8,4,13,12,1,4,5,3,4,7,5,6,7,3,6,7
2018-10,10,9,11,12,1,8,15,11,7,9,10,3,4,7,5,4,13,9,3,0,2,2,42,9,1,7,5,11,4,9,2,6,13,6,6,9
2018-11,7,9,11,10,2,6,25,25,5,11,8,8,5,3,4,5,9,10,7,0,3,6,31,4,9,8,9,11,3,8,1,16,10,4,8,8
2018-12,10,8,9,4,1,7,13,11,4,16,11,4,3,7,7,2,13,10,9,0,11,6,35,50,10,10,1,5,4,7,1,19,26,5,2,14
2019-01,8,10,10,7,2,10,21,12,11,9,16,3,7,4,5,6,6,8,3,0,5,1,6,14,5,10,7,5,6,7,1,8,12,5,7,5
2019-02,11,13,13,6,1,14,10,9,6,12,13,43,11,5,35,3,5,5,2,0,5,6,19,4,6,7,6,2,8,12,0,9,6,2,7,6
2019-03,15,7,5,4,1,8,13,11,9,11,8,16,8,9,20,8,10,5,3,0,4,8,12,11,0,13,3,4,9,5,1,7,8,3,2,9
2019-04,12,7,9,13,1,2,19,16,5,5,10,8,8,4,9,1,6,8,3,0,9,3,35,5,1,8,6,3,4,11,1,7,5,2,5,11
2019-05,21,14,9,13,3,4,17,13,14,43,24,2,20,10,11,7,9,12,8,0,62,7,28,4,2,6,11,2,4,6,1,6,3,11,10,13
2019-06,11,2,8,8,2,6,11,9,5,12,15,4,10,4,13,6,6,10,8,0,93,6,32,5,3,5,8,7,7,10,4,6,4,4,4,16
2019-07,11,21,7,5,0,9,23,23,8,16,10,9,6,13,12,11,5,8,13,0,21,3,12,6,1,4,10,6,9,10,3,3,7,5,7,6
2019-08,13,7,9,8,0,7,15,13,19,54,16,14,8,11,17,6,9,6,8,0,7,11,7,7,5,7,7,7,6,13,2,6,9,10,5,10
2019-09,16,15,10,12,4,4,23,13,11,22,17,11,8,8,14,4,4,11,6,0,33,3,72,5,2,9,9,4,9,13,1,6,4,3,5,13
2019-10,30,16,13,5,10,12,19,19,9,31,13,6,8,13,12,10,4,8,7,0,8,3,22,107,11,13,4,5,2,7,7,8,179,6,8,5
2019-11,10,13,18,10,2,5,14,15,2,17,13,2,11,11,8,7,7,7,7,0,6,4,12,16,4,2,6,4,4,8,3,5,24,6,6,11
2019-12,17,15,12,14,8,9,17,24,9,11,8,7,10,6,4,5,4,4,8,0,7,3,13,7,8,7,3,3,4,7,1,6,11,5,4,11
2020-01,45,20,24,24,7,15,18,18,10,19,16,8,14,7,14,3,11,10,9,0,324,12,47,18,6,10,16,5,11,13,5,13,16,6,11,12
2020-02,16,12,10,6,0,1,7,17,6,10,13,2,6,3,9,9,10,12,3,0,10,3,12,9,3,5,12,2,4,4,1,9,11,3,8,4
2020-03,21,10,14,12,2,6,12,10,11,18,14,6,4,11,13,5,9,19,10,0,6,5,21,11,6,12,7,5,5,33,0,4,17,8,8,2
2020-04,21,15,22,15,2,4,10,16,6,14,11,9,9,11,11,12,7,21,12,0,12,1,15,3,6,9,6,7,8,16,6,5,8,10,7,12
2020-05,22,19,13,12,2,5,12,14,11,36,14,11,13,17,12,21,16,14,12,0,9,3,5,10,11,10,8,8,5,10,2,5,7,6,7,9
2020-06,37,13,16,12,0,9,21,19,5,26,15,14,7,14,50,9,11,9,8,0,7,5,5,4,6,17,6,2,6,11,1,13,9,3,9,7
2020-07,27,17,13,8,0,6,13,20,13,26,21,5,5,11,15,13,11,18,7,0,11,11,10,7,8,11,6,2,9,17,1,13,8,12,6,9
2020-08,27,13,15,6,0,4,30,27,5,21,11,7,3,4,17,9,6,14,11,0,9,3,5,7,4,5,3,11,9,10,2,12,10,6,3,12
2020-09,19,5,11,14,3,11,15,19,7,22,17,8,6,3,21,8,5,16,10,0,12,9,17,6,2,11,3,13,4,11,1,12,29,7,6,13
2020-10,28,10,19,14,2,10,16,16,13,26,14,14,5,13,19,13,13,12,9,0,6,4,7,7,5,6,12,6,7,14,3,10,30,4,10,6
2020-11,32,19,16,19,0,3,14,13,11,18,10,7,3,6,13,9,17,12,4,0,24,15,18,15,5,7,8,7,9,8,1,13,18,13,8,13
2020-12,24,20,15,25,0,11,14,19,13,25,14,4,4,6,7,10,12,8,5,0,18,7,11,3,7,9,3,4,6,8,2,2,8,10,8,12
2021-01,23,14,23,13,0,7,20,5,2,24,18,3,11,17,12,25,15,6,5,0,25,11,17,9,3,13,6,5,6,17,3,10,12,2,12,8
2021-02,17,12,11,7,0,3,17,15,4,16,13,6,2,3,15,10,4,10,7,0,12,8,23,16,4,11,6,10,3,5,1,8,10,3,5,10
2021-03,14,7,15,12,2,7,16,10,10,25,19,12,6,5,11,23,8,6,4,0,15,11,15,12,5,15,8,1,2,9,2,5,5,5,11,9
2021-04,27,17,7,12,15,18,22,13,4,32,18,9,11,13,12,51,6,17,4,0,13,10,9,8,5,10,5,2,7,7,3,14,15,5,17,10
2021-05,20,11,13,12,1,9,25,16,6,19,11,7,6,7,9,12,1,8,6,0,10,57,7,8,3,10,5,4,3,9,0,13,13,3,50,40
2021-06,22,18,13,10,2,6,19,8,8,29,20,12,2,8,18,21,6,13,7,0,9,13,5,8,4,9,4,2,6,13,1,10,8,5,13,12
2021-07,22,22,8,18,0,8,22,15,8,42,25,23,6,4,15,29,9,9,7,0,19,11,6,6,4,11,5,1,3,14,2,16,10,6,11,10
2021-08,18,18,5,20,0,2,16,17,12,18,19,34,5,9,22,13,9,14,10,0,12,9,17,7,3,8,5,5,12,6,2,9,7,3,10,7
2021-09,21,17,9,25,0,2,19,14,8,29,13,15,5,8,13,17,6,12,7,0,8,8,15,5,3,6,2,4,6,12,1,9,8,9,10,14
2021-10,23,13,8,12,0,6,15,8,6,31,20,10,4,7,12,59,9,11,6,0,2,0,3,3,5,4,3,0,6,10,2,6,7,1,8,3
2021-11,13,13,11,8,7,7,18,13,7,25,15,1,2,7,1,43,3,2,7,0,3,0,6,5,5,8,9,2,9,11,1,4,3,2,8,4
2021-12,29,23,10,12,16,19,14,20,9,29,9,6,6,8,10,32,7,12,6,0,10,7,5,10,9,5,13,2,6,9,2,8,12,5,17,13
2022-01,33,29,23,16,41,46,19,21,11,31,6,8,2,6,11,27,11,11,17,0,5,5,9,5,18,15,10,6,11,11,1,6,8,3,26,6
2022-02,43,17,51,13,149,150,17,29,7,50,20,16,8,14,23,47,19,8,24,0,5,8,8,13,36,19,16,7,32,14,1,7,24,3,43,4
2022-03,65,35,44,18,241,249,40,30,26,88,36,22,22,19,58,52,22,20,27,0,15,9,21,35,48,17,10,14,36,22,1,15,39,11,78,15
2022-04,26,12,15,9,122,101,31,32,16,29,24,17,6,12,55,24,21,15,26,1,5,11,12,12,35,15,19,7,26,15,3,8,13,4,47,13
2022-05,40,27,27,23,97,72,28,20,16,28,21,15,8,7,21,35,15,17,44,0,9,8,10,10,68,14,14,13,11,20,1,11,24,7,28,5
2022-06,25,17,14,20,76,54,32,16,6,26,11,6,4,5,23,26,20,16,21,0,7,7,9,10,25,11,6,8,23,18,2,11,15,4,34,7
2022-07,28,13,10,9,52,48,16,22,13,39,19,12,6,3,14,34,18,19,12,0,10,5,17,8,16,13,10,4,16,20,4,9,17,5,27,4
2022-08,29,26,23,13,42,47,15,24,11,55,29,15,7,11,25,102,14,7,17,0,12,10,11,5,27,10,11,4,19,13,2,6,13,6,26,3
2022-09,19,15,18,15,55,55,18,23,11,32,13,13,13,10,21,37,10,14,11,0,11,2,9,12,16,15,8,8,16,19,3,5,13,8,25,9
2022-10,12,15,14,10,37,41,13,11,9,14,9,8,12,7,15,14,8,4,12,0,17,3,8,9,5,5,2,8,5,9,4,5,4,6,21,2
2022-11,12,10,6,13,33,14,7,5,10,11,5,8,6,9,8,7,11,12,2,0,9,3,4,5,6,6,2,4,11,7,3,4,5,5,8,3
2022-12,11,5,8,9,36,19,8,4,16,10,8,8,5,7,10,10,9,7,4,0,10,7,5,8,3,6,4,1,6,6,0,4,5,3,8,2
2023-01,14,9,8,11,25,21,9,14,15,14,16,15,8,10,14,15,11,8,4,0,14,10,7,9,5,4,1,2,10,10,0,6,5,3,9,3
2023-02,12,12,14,12,59,33,17,15,13,36,16,8,12,12,7,13,5,7,8,0,6,7,1,13,5,3,1,7,7,12,0,3,14,2,18,1
2023-03,9,6,10,11,48,25,15,7,15,18,11,8,11,5,8,8,7,6,5,0,7,13,4,12,3,9,0,4,14,8,2,4,1,3,13,2
2023-04,13,6,5,5,32,13,14,9,12,25,12,11,5,11,15,18,5,6,7,0,6,9,10,5,11,11,0,7,12,10,1,8,3,4,6,3
2023-05,11,8,12,7,31,18,12,8,5,15,14,9,3,8,12,8,6,9,5,1,7,8,1,5,3,7,4,1,9,5,1,4,6,5,9,5
2023-06,11,4,16,9,29,27,8,8,3,14,9,6,5,4,8,5,10,8,3,0,7,7,3,6,5,7,3,3,7,10,1,6,5,2,9,2
2023-07,10,7,10,4,22,17,11,6,7,12,9,7,3,9,8,11,14,14,7,0,1,8,4,4,7,8,0,4,5,8,1,4,2,1,5,4
2023-08,12,8,7,11,23,15,9,2,6,17,10,9,6,10,10,16,10,7,3,0,10,3,7,4,3,7,3,1,4,6,1,8,5,3,12,2
2023-09,15,4,17,10,22,12,10,5,8,15,10,14,7,10,17,17,5,14,6,0,9,5,6,7,6,5,1,3,9,6,3,4,11,3,6,2
2023-10,37,27,20,12,35,22,20,9,14,19,15,16,12,14,21,22,4,8,7,0,63,245,25,26,13,8,3,5,11,16,2,28,13,1,107,32
2023-11,34,17,10,9,32,21,10,5,10,20,7,7,6,8,8,15,9,14,5,0,20,130,6,8,4,9,2,1,5,15,3,9,9,4,103,20
2023-12,30,17,17,13,28,23,12,14,11,14,8,11,9,8,12,7,10,9,7,0,20,91,12,7,12,9,3,6,7,7,3,13,9,3,78,14
2024-01,29,25,21,13,23,31,11,7,9,23,11,20,24,25,16,31,11,12,15,0,42,71,13,14,9,4,4,3,7,10,2,19,5,5,68,16
2024-02,27,17,10,13,48,55,14,11,7,19,9,6,5,6,12,20,4,13,9,0,20,49,4,9,5,8,4,7,8,7,2,8,3,1,45,10
2024-03,18,16,12,13,35,40,21,11,9,16,17,14,8,14,16,13,3,7,6,1,10,49,5,8,4,4,3,5,11,11,2,5,9,1,57,15
2024-04,27,13,11,12,48,34,17,5,12,37,10,17,7,12,12,31,6,12,4,0,72,85,8,8,3,3,3,0,7,4,2,6,7,5,65,18
2024-05,25,9,7,11,33,37,13,7,6,29,17,12,6,9,15,22,3,7,7,0,13,73,10,8,5,7,2,6,9,5,3,19,6,1,59,4
2024-06,24,17,13,10,34,29,15,10,12,18,10,17,18,18,21,20,4,12,7,0,16,76,9,7,5,8,3,3,9,13,1,8,9,2,66,8
2024-07,19,12,12,16,46,44,13,6,8,19,16,10,10,15,17,18,7,13,3,0,26,39,2,5,5,4,2,1,5,9,3,9,14,3,38,5
2024-08,20,15,11,16,32,44,12,7,10,12,10,6,8,7,14,9,5,6,8,0,36,62,3,9,2,6,4,2,6,10,3,9,5,2,35,9
2024-09,25,18,17,27,57,55,11,13,11,22,16,13,11,9,24,11,9,8,9,0,24,65,7,8,4,4,2,7,4,9,3,17,7,4,30,15
2024-10,28,13,18,18,58,41,18,10,11,25,21,17,41,26,23,31,9,14,2,0,70,111,11,13,6,10,4,3,9,11,1,17,11,5,44,22
2024-11,22,18,14,18,94,59,13,6,6,24,17,9,17,13,12,10,5,13,11,0,14,43,5,6,13,1,0,3,2,9,1,12,4,1,41,17
2024-12,24,19,20,12,39,50,13,8,7,25,13,11,10,11,16,17,2,14,6,0,14,23,10,42,10,3,2,2,2,8,2,8,16,3,28,15
2025-01,34,23,31,12,60,39,13,11,10,20,6,9,11,10,16,17,3,12,5,0,11,29,2,8,1,5,3,3,3,13,2,4,6,1,30,9
2025-02,46,21,77,9,144,103,12,16,7,33,11,1,7,4,12,15,6,13,7,0,9,20,10,12,3,6,5,5,10,10,2,15,8,2,32,10
2025-03,56,32,155,24,148,108,33,9,8,82,18,15,12,15,25,33,9,7,7,0,25,42,8,17,14,6,3,2,14,14,1,14,14,1,47,6
2025-04,33,23,42,15,83,47,17,13,5,171,17,29,15,9,42,23,5,12,4,0,24,36,5,6,4,4,3,3,6,14,3,13,6,4,35,14
2025-05,33,24,24,7,61,49,18,16,8,46,14,85,12,4,94,20,14,10,10,0,13,35,3,8,4,3,4,3,9,6,2,11,9,1,48,8
