Date,War_Conflict_US,War_Conflict_GB,War_Conflict_CA,War_Conflict_AU,War_Conflict_UA,War_Conflict_RU,War_Conflict_FR,War_Conflict_DE,War_Conflict_BR,War_Conflict_CN,War_Conflict_JP,War_Conflict_PK,War_Conflict_KP,War_Conflict_KR,War_Conflict_IN,War_Conflict_TW,War_Conflict_NL,War_Conflict_ES,War_Conflict_SE,War_Conflict_MX,War_Conflict_IR,War_Conflict_IL,War_Conflict_SA,War_Conflict_SY,War_Conflict_FI,War_Conflict_IE,War_Conflict_AT,War_Conflict_NO,War_Conflict_CH,War_Conflict_IT,War_Conflict_MY,War_Conflict_EG,War_Conflict_TR,War_Conflict_PT,War_Conflict_PS,War_Conflict_AE,War_Conflict_All
2011-07,0,0,1,2,0,1,4,1,3,0,3,9,0,1,4,2,2,1,0,0,1,0,1,0,0,1,1,20,1,2,0,1,1,4,0,0,67
2011-08,2,4,3,1,0,1,6,6,0,1,6,7,6,1,3,2,4,3,3,0,0,3,1,3,4,0,0,5,2,4,1,7,0,1,5,5,100
2011-09,1,2,7,2,0,1,3,5,0,0,5,13,2,1,2,1,2,2,0,0,1,1,5,1,0,5,2,1,4,4,1,4,1,2,3,9,93
2011-10,4,1,3,5,0,0,3,5,1,3,1,6,1,2,5,2,1,6,1,0,5,0,5,1,0,2,2,5,2,6,0,4,4,2,4,6,98
2011-11,2,2,2,7,0,3,3,0,2,0,1,12,1,0,4,0,2,2,4,0,7,4,0,1,3,0,2,3,3,2,4,5,2,4,1,5,93
2011-12,6,8,2,3,0,1,8,6,2,2,3,5,2,6,4,2,3,5,6,0,22,9,2,2,2,5,0,2,3,7,0,5,1,0,7,9,150
2012-01,3,2,4,3,0,3,5,4,0,5,12,4,1,0,1,2,1,8,3,0,22,6,4,1,1,4,2,2,3,5,0,5,2,1,1,5,125
2012-02,4,1,8,4,0,1,4,4,0,2,2,9,1,2,3,1,0,4,1,0,12,2,2,3,1,4,2,1,3,5,1,1,3,4,3,12,110
2012-03,5,2,5,2,0,0,4,3,3,2,0,4,4,2,2,1,3,6,1,0,14,5,1,3,0,6,1,2,0,2,0,6,2,8,4,2,105
2012-04,1,2,3,5,1,2,6,5,1,1,2,4,1,2,3,0,3,6,2,0,2,0,3,0,0,2,0,6,5,2,1,5,2,4,1,5,88
2012-05,4,5,2,2,1,2,3,2,1,3,5,2,3,3,2,1,6,7,2,0,2,6,2,0,3,4,1,5,4,5,6,4,1,4,2,6,111
2012-06,0,0,5,5,1,2,4,2,1,1,9,13,1,1,6,1,3,3,3,0,1,8,1,9,1,3,1,4,3,2,1,10,8,5,2,10,130
2012-07,4,3,4,2,0,2,4,3,1,2,3,3,3,1,3,0,2,5,7,0,7,4,5,8,2,1,1,5,7,4,0,8,2,2,4,10,122
2012-08,1,0,11,5,0,0,2,2,3,0,3,3,1,2,4,3,5,4,7,0,5,5,1,4,3,5,2,6,7,2,2,3,3,0,7,6,117
2012-09,4,4,11,7,0,2,9,3,2,1,24,5,6,5,4,3,3,5,5,0,16,12,8,5,2,3,1,0,6,5,0,10,5,3,3,19,201
2012-10,3,3,9,3,0,3,3,5,4,2,6,10,3,4,4,1,5,9,4,0,5,5,9,6,2,1,2,6,4,5,0,3,11,5,1,9,155
2012-11,2,3,14,2,0,3,6,1,7,5,5,8,5,2,2,1,3,6,4,0,9,18,1,7,4,6,6,3,6,2,1,11,8,5,14,11,191
2012-12,3,4,8,6,0,0,7,7,1,4,7,7,5,3,3,3,4,1,7,0,8,5,3,13,1,7,3,3,4,5,3,2,8,1,5,4,155
2013-01,2,4,6,3,0,4,15,4,0,3,11,11,6,8,5,3,7,3,2,0,2,7,5,6,2,3,4,0,4,1,0,7,1,2,2,5,148
2013-02,4,2,4,1,1,2,5,5,2,6,4,7,14,12,1,3,1,1,0,0,2,1,1,5,1,0,1,5,1,3,2,2,2,2,7,5,115
2013-03,5,5,9,4,1,2,10,4,4,7,9,13,74,65,6,4,3,8,6,0,11,11,7,14,2,8,3,6,5,5,0,5,4,2,4,13,339
2013-04,6,5,3,6,0,1,2,5,3,9,13,9,42,27,5,2,1,0,5,0,7,5,3,11,3,5,2,9,5,4,1,3,1,2,1,7,213
2013-05,0,2,3,6,0,1,6,5,3,3,9,9,3,5,0,0,2,5,4,0,5,7,4,17,7,8,3,3,3,4,1,3,6,2,7,11,157
2013-06,6,5,7,5,0,3,5,14,5,4,3,7,2,6,5,1,0,8,0,0,5,7,9,19,3,11,1,1,4,4,2,15,18,5,3,5,198
2013-07,5,3,9,4,0,1,5,6,3,3,7,4,10,4,2,3,1,5,2,0,0,2,2,13,3,4,4,4,4,2,0,38,1,4,4,5,167
2013-08,7,6,9,7,1,2,5,6,3,6,14,13,10,4,8,3,3,4,4,0,5,7,5,90,3,5,4,2,2,5,2,28,6,3,4,14,300
2013-09,9,6,6,2,0,3,6,9,6,8,7,8,4,1,4,6,6,6,5,0,13,13,15,109,1,3,1,4,6,4,0,10,6,3,4,15,309
2013-10,2,7,15,5,0,1,14,2,5,5,4,12,2,2,7,3,7,4,1,0,7,6,4,11,2,2,6,3,2,10,2,6,3,1,2,5,170
2013-11,6,6,8,3,0,1,9,11,3,4,9,7,10,2,4,2,3,7,5,0,8,10,6,12,2,2,2,7,3,8,2,4,2,4,3,7,182
2013-12,4,2,8,3,2,5,6,2,6,8,13,8,11,9,7,3,5,6,3,0,4,6,5,13,4,6,5,5,2,5,0,5,7,4,2,9,193
2014-01,5,7,12,3,0,2,6,4,2,7,14,6,6,6,5,4,1,4,3,0,9,8,3,14,0,2,3,5,5,2,1,3,2,3,4,6,167
2014-02,2,2,9,8,3,4,5,5,7,8,14,8,10,9,6,8,3,1,4,0,8,4,3,10,3,4,2,3,4,2,3,6,1,3,5,10,187
2014-03,11,7,15,5,18,16,8,7,5,13,11,7,5,8,8,9,2,3,4,0,8,3,3,11,9,4,7,6,4,3,13,5,12,5,11,4,270
2014-04,4,3,6,7,1,4,8,6,6,6,11,12,6,10,4,5,5,5,6,0,5,4,1,18,3,4,1,4,4,3,2,4,9,3,5,10,195
2014-05,11,7,10,5,3,3,13,3,4,6,5,8,7,5,7,3,3,5,7,0,6,9,3,11,4,5,5,2,5,4,1,14,3,3,10,5,205
2014-06,5,7,4,4,2,4,13,10,3,9,7,6,6,2,12,0,9,6,5,0,8,10,7,13,7,7,7,8,2,1,0,6,4,2,8,17,221
2014-07,7,10,8,9,3,6,8,13,5,6,10,4,5,3,6,4,15,1,4,0,1,33,3,8,6,5,6,4,8,3,24,14,6,2,26,21,297
2014-08,8,8,25,6,5,5,13,8,6,6,13,15,2,5,11,1,6,3,6,0,7,23,16,23,8,8,6,8,5,6,4,15,7,1,26,19,334
2014-09,13,4,14,10,2,4,14,13,1,8,11,12,4,7,10,3,10,2,4,0,0,2,13,28,0,9,8,5,3,7,3,10,3,3,6,11,257
2014-10,8,4,26,7,3,2,7,6,4,3,5,7,5,7,8,2,6,7,11,0,2,5,8,16,11,8,2,4,2,7,0,8,15,4,4,9,233
2014-11,8,6,15,3,3,4,8,8,3,6,7,4,6,2,4,1,9,6,2,0,4,1,6,9,7,5,3,6,3,3,1,7,2,3,6,7,178
2014-12,14,11,6,2,1,8,8,14,3,4,6,9,18,7,8,3,4,6,3,0,5,6,8,6,3,6,3,3,2,5,2,7,4,1,3,3,202
2015-01,6,4,12,5,3,4,22,9,5,1,7,9,5,2,6,4,4,6,5,0,8,8,14,6,0,11,3,6,1,2,2,8,5,3,8,8,212
2015-02,3,5,6,8,1,6,9,13,1,4,7,11,3,7,6,4,5,4,13,0,8,8,9,9,6,7,4,5,8,2,1,10,6,3,10,11,223
2015-03,9,5,14,4,4,5,6,8,5,4,10,11,7,6,5,6,6,2,6,0,26,21,19,16,5,3,4,9,3,1,0,16,4,9,13,20,292
2015-04,9,5,17,6,2,5,8,9,6,7,16,11,4,4,5,3,6,5,3,0,15,9,12,4,5,2,5,7,3,6,3,10,6,6,7,8,239
2015-05,4,4,10,9,1,5,7,11,5,11,8,8,5,7,8,3,8,2,4,0,4,5,17,11,6,5,4,7,2,4,1,10,9,4,7,7,223
2015-06,15,11,12,4,2,6,9,10,5,8,8,5,3,8,5,3,5,3,11,0,10,14,9,10,5,8,5,2,7,5,3,5,5,3,14,10,248
2015-07,14,6,14,13,1,5,5,11,7,5,7,3,5,7,8,3,3,2,9,0,11,6,6,9,4,16,5,7,7,10,1,9,14,6,10,5,254
2015-08,11,4,8,7,3,3,15,8,5,7,25,11,34,49,8,3,9,5,8,0,18,6,13,16,5,7,2,6,7,4,3,11,17,4,13,10,365
2015-09,10,3,8,12,0,4,9,15,5,7,10,11,9,7,9,3,6,7,11,0,13,6,15,44,8,5,10,6,3,8,2,10,6,1,8,7,298
2015-10,7,6,8,2,0,6,6,15,1,11,14,1,4,6,3,0,4,2,14,0,14,6,29,59,7,2,4,7,9,7,1,11,17,0,7,19,309
2015-11,13,10,15,7,0,8,74,15,5,3,17,6,2,4,2,5,38,12,9,0,8,5,19,64,1,8,1,9,5,8,0,14,56,4,11,19,477
2015-12,8,5,6,3,1,6,10,14,3,3,14,12,6,6,6,4,7,8,8,0,4,4,30,38,7,7,3,5,3,7,1,7,32,5,1,22,306
2016-01,6,10,8,7,2,5,10,16,8,6,12,11,15,15,9,7,3,3,8,0,16,10,31,18,7,4,2,5,9,5,0,8,10,6,6,13,311
2016-02,9,13,7,6,3,25,17,9,4,10,9,4,15,11,8,2,9,13,11,0,12,10,30,62,8,12,6,6,6,8,0,15,45,8,12,19,444
2016-03,19,14,8,7,6,10,18,13,4,7,14,6,20,9,5,2,4,5,13,0,8,9,15,31,7,8,8,5,6,6,2,7,17,5,12,17,347
2016-04,6,9,11,12,4,8,7,14,7,5,17,5,14,9,4,5,6,9,13,0,7,8,25,15,7,9,4,3,10,5,0,6,11,5,5,9,294
2016-05,7,9,6,4,1,14,17,12,3,9,22,8,2,11,8,3,9,5,12,0,6,1,18,22,4,7,1,5,5,9,1,8,14,5,7,10,285
2016-06,10,11,11,4,1,13,12,14,1,3,9,10,5,2,7,1,8,6,5,0,4,9,12,14,4,7,6,7,10,10,1,13,12,4,6,8,260
2016-07,13,18,11,8,0,8,30,12,5,7,9,6,15,9,2,1,12,12,5,0,5,8,15,12,6,7,3,7,3,6,2,6,27,4,7,11,312
2016-08,6,7,11,10,2,15,18,19,8,11,15,8,10,9,8,3,6,8,2,0,6,8,13,32,11,6,4,9,2,6,0,9,25,4,11,9,331
2016-09,3,8,3,2,1,15,12,15,6,8,18,16,12,14,13,3,8,2,7,0,9,1,19,39,2,6,6,7,7,8,3,8,13,3,8,17,322
2016-10,40,38,12,9,3,241,19,23,7,22,10,14,8,9,15,1,14,7,8,0,27,11,38,109,9,12,5,5,6,7,2,7,24,5,31,9,807
2016-11,27,16,12,8,4,45,14,14,6,9,7,5,7,7,5,3,7,2,13,0,11,6,22,39,4,6,4,4,4,5,2,13,12,3,11,9,366
2016-12,13,9,13,10,7,21,8,14,5,25,22,14,9,14,10,34,8,9,10,0,11,9,20,32,5,7,10,13,6,6,3,17,18,8,3,17,440
2017-01,16,8,16,4,0,11,14,16,4,31,15,8,8,12,12,10,9,5,6,0,13,9,20,19,4,13,7,11,7,11,2,14,14,4,8,20,381
2017-02,9,8,9,15,2,10,13,15,6,21,13,4,10,6,9,3,8,5,14,0,18,9,17,13,6,7,15,10,7,7,6,14,12,5,3,8,337
2017-03,12,6,20,10,4,6,15,19,4,9,18,5,27,19,7,6,14,6,18,0,8,6,14,24,11,11,10,12,4,9,3,18,9,5,8,7,384
2017-04,13,12,23,15,2,10,20,18,6,21,18,8,118,66,12,1,10,18,6,0,12,7,13,100,7,8,6,5,8,10,2,19,13,9,6,16,638
2017-05,11,10,18,10,2,6,16,17,10,9,9,6,41,21,7,1,16,5,7,0,9,7,23,9,7,10,11,7,4,4,4,9,10,10,10,8,364
2017-06,16,14,17,6,2,3,5,12,5,14,9,9,24,16,11,1,6,8,10,0,9,8,27,25,4,16,10,10,8,6,1,9,9,9,7,32,378
2017-07,8,9,13,12,1,8,9,17,6,12,20,10,50,34,14,0,6,4,11,0,11,5,23,11,8,9,7,7,11,10,1,20,8,8,6,15,404
2017-08,13,13,10,7,1,12,8,24,5,19,30,15,124,48,33,4,7,3,8,0,9,9,12,12,5,10,8,4,8,9,2,10,6,4,10,10,512
2017-09,15,14,15,6,1,12,9,10,8,21,24,15,98,48,11,2,8,10,12,0,9,11,24,17,6,5,7,4,7,3,4,9,18,10,8,10,491
2017-10,15,10,20,7,4,12,10,14,8,10,5,6,47,21,5,5,8,36,9,0,14,8,14,13,1,14,6,10,5,8,1,12,8,7,7,15,395
2017-11,18,20,15,10,3,7,11,12,5,9,18,7,41,22,11,2,12,7,4,0,20,7,83,13,7,5,11,7,8,7,8,23,14,8,9,19,483
2017-12,16,8,11,8,0,2,8,14,9,11,19,5,54,22,14,4,12,3,9,0,6,17,18,13,3,12,7,10,3,5,3,16,6,5,8,17,378
2018-01,11,13,12,7,1,9,18,14,8,8,11,12,34,26,4,3,13,10,16,0,11,11,19,17,8,7,9,14,6,12,1,21,14,4,14,11,409
2018-02,21,14,10,4,3,10,7,15,10,11,5,4,20,11,6,4,8,3,3,0,6,7,9,25,2,9,8,5,9,8,1,9,16,0,7,11,301
2018-03,13,17,27,12,1,23,18,15,9,39,18,9,33,23,7,7,13,14,18,0,18,6,24,37,6,13,10,3,14,9,0,24,18,6,13,16,533
2018-04,12,16,17,9,5,18,27,17,5,32,20,9,33,38,12,9,11,13,9,0,15,11,23,87,6,11,10,4,12,6,2,20,19,6,11,10,565
2018-05,11,8,20,6,2,9,17,12,8,18,15,4,19,24,8,3,5,4,18,0,35,23,21,23,3,5,7,6,9,8,2,12,7,3,13,22,410
2018-06,10,13,43,10,3,2,19,18,12,22,15,4,34,35,18,5,10,17,5,0,8,9,13,13,8,11,7,13,7,17,2,17,9,5,7,14,455
2018-07,27,15,28,10,2,22,15,23,7,41,15,7,28,11,6,5,10,11,4,0,18,4,12,10,6,10,8,4,4,12,4,19,12,6,10,15,441
2018-08,12,9,19,8,3,7,17,18,12,25,11,9,21,14,16,3,12,10,7,0,17,9,29,8,8,12,15,7,7,15,5,10,19,8,9,16,427
2018-09,15,12,20,19,3,9,17,19,16,20,12,5,13,8,11,3,15,13,6,0,12,8,19,15,6,7,8,6,6,11,6,7,9,11,13,11,391
2018-10,17,14,16,13,1,14,17,12,10,16,11,7,6,9,11,7,16,15,5,0,13,7,55,15,1,7,6,12,7,12,3,11,21,10,10,15,422
2018-11,20,20,18,12,3,17,27,32,10,28,10,11,12,8,12,6,11,13,8,0,12,12,37,12,13,12,15,17,5,13,1,19,13,6,14,16,495
2018-12,18,17,16,3,1,12,16,12,7,26,13,7,3,9,10,3,17,10,11,0,21,12,43,58,14,12,4,7,6,8,1,25,28,7,6,21,484
2019-01,14,17,14,10,4,16,25,17,16,19,19,7,8,5,14,10,12,11,9,0,10,2,9,20,13,16,9,11,11,11,1,10,16,9,13,8,416
2019-02,10,16,15,6,1,17,12,13,9,17,16,48,11,6,39,4,8,7,2,0,12,14,24,11,8,7,9,9,9,16,1,10,10,2,9,8,416
2019-03,18,13,11,5,3,9,15,11,12,20,9,19,8,9,26,8,11,7,4,0,5,11,15,16,3,15,5,5,10,8,2,10,10,5,8,11,357
2019-04,27,17,10,14,1,3,21,16,10,10,14,9,9,4,11,4,8,12,2,0,13,6,39,8,3,12,9,5,8,12,1,11,6,5,12,14,366
2019-05,34,25,14,16,3,5,17,15,18,61,28,3,20,10,11,9,19,14,11,0,62,10,36,8,5,9,17,8,6,8,2,8,9,13,14,17,565
2019-06,17,11,13,11,2,7,14,14,7,31,21,5,12,6,20,13,8,13,8,0,96,10,44,11,3,7,10,11,8,12,5,10,5,9,12,22,508
2019-07,19,21,10,12,0,9,23,25,10,27,18,13,7,18,14,13,8,8,14,0,29,4,16,10,5,5,13,10,13,10,4,3,11,6,10,11,429
2019-08,27,14,14,13,0,13,22,16,25,77,27,18,11,13,22,10,14,12,10,0,11,11,10,13,8,14,8,9,7,17,4,8,14,14,13,13,532
2019-09,17,26,13,18,4,5,28,18,19,38,26,11,10,13,16,7,12,18,10,0,41,3,80,9,4,14,15,9,11,17,0,7,4,8,10,17,558
2019-10,32,16,14,8,13,16,25,21,15,41,19,7,10,16,14,14,5,15,7,0,12,5,25,121,13,17,7,8,4,11,8,11,185,9,12,6,762
2019-11,16,19,23,14,3,9,17,16,3,31,17,3,12,12,10,10,9,11,10,0,12,9,14,18,7,3,7,9,9,13,5,7,24,8,10,14,414
2019-12,26,22,16,16,9,11,21,28,12,15,12,8,13,13,5,5,8,5,11,0,13,5,15,12,11,7,6,4,6,10,0,8,14,6,10,11,394
2020-01,34,27,26,26,7,20,23,22,17,36,17,9,14,9,21,7,17,16,13,0,305,17,53,22,9,10,16,6,14,16,5,16,20,9,12,16,907
2020-02,15,22,17,8,1,5,9,18,11,17,16,2,7,5,12,10,11,12,6,0,14,8,16,10,4,8,13,4,6,6,1,12,15,5,10,8,344
2020-03,24,17,17,14,2,20,20,15,13,28,19,7,7,14,16,9,14,18,13,0,13,11,43,26,10,16,11,10,8,42,2,5,24,10,12,8,538
2020-04,31,23,26,20,2,18,14,21,10,24,17,11,10,14,14,22,9,25,16,0,21,4,24,6,10,14,6,12,11,27,8,8,12,17,8,15,530
2020-05,39,27,18,23,3,10,16,20,16,60,16,12,19,23,17,30,23,14,14,0,15,15,14,17,12,12,11,12,10,14,2,8,14,9,11,17,593
2020-06,41,23,21,19,2,19,26,24,12,43,18,16,10,20,56,15,17,10,11,0,18,9,11,10,9,21,16,6,10,20,1,18,15,6,15,13,601
2020-07,37,22,18,13,0,10,20,24,16,40,26,6,7,15,21,18,14,17,12,0,18,18,17,13,10,14,10,7,11,27,2,18,18,16,19,15,569
2020-08,26,22,18,8,1,9,37,32,13,39,15,10,8,9,21,15,10,23,15,0,13,7,8,10,6,7,7,14,10,19,2,15,19,10,6,15,499
2020-09,21,12,13,17,3,15,22,24,14,38,23,10,7,8,25,11,5,20,15,0,15,10,19,11,4,18,5,18,7,18,3,13,42,8,9,16,519
2020-10,35,17,22,20,4,16,21,20,15,39,20,14,8,17,25,21,14,15,10,0,10,7,7,13,10,10,14,12,11,22,4,12,36,11,19,6,557
2020-11,40,32,18,29,0,8,24,21,15,43,16,6,5,13,17,10,20,19,7,0,35,22,25,23,6,9,10,8,17,11,1,15,24,14,18,16,597
2020-12,31,24,22,41,1,21,19,22,17,43,21,5,8,9,13,15,16,10,10,0,26,11,14,5,9,13,6,8,9,13,3,6,10,15,17,14,527
2021-01,33,28,32,23,0,16,29,15,10,42,22,10,13,19,19,34,16,15,6,0,32,14,21,13,9,17,9,7,10,25,3,10,22,5,15,13,607
2021-02,21,21,15,15,1,16,24,19,9,33,18,6,4,6,21,14,8,22,9,0,32,16,33,24,8,13,7,13,7,8,1,9,23,14,10,18,518
2021-03,38,36,20,16,2,17,23,18,18,44,25,15,12,11,17,30,12,15,7,0,21,14,29,26,10,20,12,5,5,15,2,9,12,9,22,18,605
2021-04,35,30,13,21,21,32,26,24,6,52,22,14,15,16,17,62,10,24,5,0,21,14,19,17,10,15,10,9,10,19,4,18,23,9,30,17,690
2021-05,28,24,18,22,1,13,33,25,13,42,14,8,8,10,10,24,8,13,12,0,16,84,14,16,4,19,14,8,9,14,2,24,24,9,62,53,698
2021-06,37,37,15,18,3,15,24,14,18,46,25,14,5,15,25,26,8,20,15,0,21,25,14,28,6,23,10,6,12,26,2,13,14,13,19,18,630
2021-07,31,27,9,26,1,25,30,18,16,60,30,27,6,6,19,33,12,18,12,0,27,14,8,22,7,18,10,5,8,21,3,18,26,10,24,12,639
2021-08,23,23,11,23,3,10,20,23,21,32,24,43,7,13,28,21,14,18,11,0,18,14,24,12,6,10,10,8,17,17,2,11,10,12,23,11,573
2021-09,35,32,15,37,1,11,36,26,14,52,21,20,8,13,17,24,9,21,13,0,15,13,20,11,6,8,3,10,8,20,1,9,23,14,22,18,606
2021-10,37,28,14,25,1,9,25,18,18,46,23,10,8,11,14,77,15,16,8,0,9,5,4,9,8,13,10,2,8,21,2,9,17,12,17,7,556
2021-11,30,27,15,17,8,18,23,23,18,43,23,4,6,9,10,55,6,10,15,0,14,12,12,14,7,11,15,4,16,17,2,9,11,10,18,9,541
2021-12,40,30,12,18,22,30,21,22,14,48,18,9,10,12,12,38,9,15,12,0,21,14,7,16,11,10,13,9,10,16,2,13,21,13,29,17,614
2022-01,45,45,26,21,61,68,36,35,21,55,25,12,5,12,18,40,17,24,17,0,14,10,12,12,25,26,15,7,17,23,1,8,17,6,45,8,829
2022-02,56,42,62,22,250,269,29,40,11,86,31,17,11,20,32,54,25,17,38,0,10,15,11,17,49,23,18,14,36,25,7,11,40,11,73,9,1481
2022-03,107,78,63,26,493,490,57,50,41,150,49,29,27,24,87,70,33,29,47,0,36,23,41,60,76,30,14,21,53,39,3,22,60,20,151,30,2629
2022-04,47,27,22,24,261,198,46,56,21,75,42,19,16,19,68,46,27,17,49,1,8,21,16,21,64,22,32,9,34,25,3,11,29,8,96,20,1500
2022-05,60,64,41,29,169,144,40,37,30,63,34,19,17,18,40,52,17,28,59,0,20,23,13,13,95,32,27,16,22,31,1,15,46,16,61,12,1404
2022-06,49,39,24,28,165,154,54,38,13,65,30,10,8,11,42,46,25,32,33,0,25,19,15,20,36,22,11,12,28,39,2,19,32,9,89,13,1257
2022-07,56,43,29,14,124,122,32,44,22,79,28,14,13,7,27,48,28,28,27,0,25,10,23,14,28,22,20,12,27,29,6,12,41,12,65,13,1144
2022-08,66,45,31,23,114,133,30,44,14,113,46,24,14,19,43,151,18,18,25,0,30,21,17,16,45,15,16,6,22,23,2,12,48,12,63,9,1328
2022-09,47,35,25,22,125,134,32,43,16,58,20,15,22,14,37,51,13,16,21,0,24,10,15,18,28,20,12,17,23,33,3,9,36,15,49,11,1069
2022-10,30,25,15,15,88,82,22,24,11,27,15,10,17,9,20,19,10,8,16,0,23,7,16,13,10,6,4,20,8,15,4,7,11,10,37,2,656
2022-11,29,26,12,13,66,43,15,11,14,27,7,8,9,11,11,10,15,20,6,0,15,2,7,11,10,6,3,6,14,9,5,4,16,13,13,7,494
2022-12,29,25,11,13,73,60,20,17,17,23,17,11,9,9,18,13,15,16,9,0,18,9,13,17,8,8,9,1,9,11,1,7,27,7,29,6,585
2023-01,24,18,10,14,49,49,19,17,20,29,22,20,13,11,20,23,17,14,9,0,23,14,11,10,8,6,4,5,14,12,1,8,13,7,23,6,563
2023-02,32,23,14,17,98,74,27,19,16,56,23,11,14,14,19,15,7,20,14,0,12,8,3,19,12,3,3,11,12,19,0,4,23,3,37,6,688
2023-03,24,25,14,16,76,61,24,12,18,48,19,10,15,9,11,20,10,16,7,0,18,14,6,19,10,10,4,5,22,16,2,4,6,8,25,4,608
2023-04,17,19,10,7,61,36,20,17,21,49,21,11,9,17,18,24,9,15,10,0,8,10,11,11,15,14,0,9,16,19,3,12,7,6,23,4,559
2023-05,14,16,16,10,53,37,21,14,9,34,27,14,4,10,19,13,8,15,6,1,12,11,4,13,5,10,12,3,13,11,2,8,10,9,20,8,492
2023-06,16,14,17,13,50,58,18,20,9,29,12,6,5,4,12,11,12,13,4,0,8,9,5,9,6,8,5,3,8,14,1,8,10,3,24,2,446
2023-07,19,25,15,9,48,40,22,10,11,30,19,9,5,14,14,15,18,16,11,0,1,14,6,5,13,9,3,6,7,13,1,8,5,4,16,5,466
2023-08,23,25,12,14,44,37,16,11,9,31,20,12,9,13,24,20,18,14,6,0,15,3,16,8,5,9,6,5,8,16,1,13,11,11,30,4,519
2023-09,27,23,20,12,39,29,20,14,12,32,17,15,14,13,27,24,11,15,10,0,15,6,11,9,14,7,3,4,10,11,3,7,12,4,23,2,515
2023-10,44,37,29,15,52,36,42,16,19,30,21,17,18,16,30,27,11,17,14,0,82,324,34,28,17,12,8,6,16,25,3,38,15,5,132,39,1275
2023-11,36,29,14,12,53,41,36,10,13,29,14,9,11,12,16,22,14,26,8,0,28,195,13,13,13,14,7,4,8,19,4,14,15,9,144,29,934
2023-12,29,26,23,22,42,32,25,25,11,24,13,12,10,13,19,10,16,12,14,0,26,109,15,9,20,13,8,9,12,11,5,19,14,7,93,18,766
2024-01,46,34,29,19,43,71,23,22,16,37,15,22,29,28,32,43,17,20,26,0,60,92,19,15,14,9,9,10,15,21,2,31,8,13,85,25,1000
2024-02,37,27,20,23,77,112,33,25,16,30,20,10,7,14,20,24,10,25,13,0,36,77,11,13,12,18,8,9,13,24,3,16,12,7,64,13,879
2024-03,33,29,17,17,54,101,44,35,15,31,27,17,14,15,19,18,11,15,15,1,13,66,11,13,11,10,8,10,17,17,5,13,14,5,82,18,841
2024-04,35,27,16,19,108,96,33,26,16,57,22,18,9,16,13,37,12,20,12,0,91,99,12,13,8,5,4,3,10,9,2,12,12,10,92,20,994
2024-05,47,21,12,15,80,85,36,26,9,52,28,13,11,11,22,24,11,17,13,0,17,80,18,14,10,14,8,17,15,13,2,28,16,10,79,5,879
2024-06,41,22,19,9,60,63,29,17,17,49,19,19,23,20,29,23,7,10,13,0,27,73,14,9,8,9,5,5,10,15,1,11,15,3,75,17,786
2024-07,31,27,17,20,63,76,27,18,12,33,24,12,18,22,23,18,10,10,10,0,30,49,6,10,8,8,5,7,9,16,4,15,20,6,63,9,736
2024-08,39,37,14,19,66,86,30,26,15,26,16,5,12,11,22,13,11,13,11,1,52,94,5,7,5,9,6,6,8,14,3,20,9,5,81,13,810
2024-09,42,31,28,34,103,100,20,25,13,44,28,13,18,16,33,20,15,12,17,0,38,104,8,11,6,9,8,12,12,13,3,26,10,10,85,20,987
2024-10,37,32,22,23,96,83,35,36,15,42,26,20,56,32,29,37,20,22,8,0,95,180,19,20,9,16,13,10,14,22,4,22,18,11,126,34,1284
2024-11,42,47,22,23,150,112,28,18,15,49,21,13,25,17,26,18,13,19,19,0,27,71,11,10,21,4,5,13,7,15,2,19,15,12,90,27,1026
2024-12,37,25,29,20,68,89,25,20,10,45,19,12,11,13,32,18,12,14,10,0,21,45,13,54,15,8,9,5,9,15,6,8,34,6,47,19,823
2025-01,48,42,46,22,78,64,28,24,17,39,15,10,16,15,29,21,12,15,16,0,22,50,5,17,9,6,8,6,8,23,3,13,10,7,59,15,818
2025-02,71,44,123,15,195,163,32,34,14,67,15,5,20,9,26,20,14,23,15,0,15,48,15,16,8,11,13,8,17,19,2,17,14,5,68,17,1198
2025-03,104,69,224,34,194,162,54,28,13,119,31,16,18,21,40,37,19,16,16,0,36,55,15,22,25,9,10,8,22,27,1,17,23,5,71,9,1570
2025-04,143,106,66,47,119,120,42,42,12,292,42,31,20,16,67,34,18,24,13,0,39,57,10,11,9,9,13,13,14,25,4,17,10,12,90,14,1601
2025-05,120,81,43,28,108,109,48,41,18,102,28,93,18,7,118,21,26,25,16,0,25,66,15,19,16,9,13,11,11,19,2,25,26,3,98,23,1431
